meal_name,meal_type,category,cuisine,ingredients,calories,protein_g,carbs_g,fat_g,fiber_g,iron_mg,calcium_mg,vitamin_b12_mcg,vitamin_d_mcg,zinc_mg,sodium_mg,potassium_mg,magnesium_mg,gi_score,is_vegetarian,is_vegan,is_pescatarian,contains_meat,contains_fish,contains_dairy,contains_eggs,contains_gluten,contains_soy,contains_tree_nuts,contains_shellfish,contains_pork
Blueberry Oatmeal,Breakfast,Grain Bowl,American,oats blueberries chia seeds,380.0,12.0,62.0,9.0,10.0,3.0,180.0,0.0,2.0,2.1,120.0,420.0,110.0,50,True,True,True,False,False,False,False,False,False,False,False,False
Cinnamon Overnight Oats,Breakfast,Grain Bowl,American,oats cinnamon almond milk chia seeds,390.0,13.0,58.0,11.0,9.0,3.0,170.0,0.0,2.0,2.0,140.0,430.0,120.0,49,True,True,True,False,False,False,False,False,False,True,False,False
Strawberry Chia Bowl,Breakfast,Smoothie Bowl,American,strawberries oats chia banana,350.0,11.0,52.0,8.0,10.0,2.5,160.0,0.0,1.0,2.0,90.0,410.0,100.0,48,True,True,True,False,False,False,False,False,False,False,False,False
Egg Spinach Scramble,Breakfast,Egg Dish,American,eggs spinach potatoes olive oil,460.0,24.0,36.0,24.0,5.0,4.2,180.0,1.8,3.0,2.7,420.0,700.0,90.0,55,True,False,True,False,False,False,True,False,False,False,False,False
Greek Yogurt Bowl,Breakfast,Yogurt Bowl,Mediterranean,greek yogurt berries oats,420.0,24.0,48.0,12.0,6.0,1.4,350.0,1.5,2.0,2.2,160.0,400.0,75.0,52,True,False,True,False,False,True,False,False,False,False,False,False
Avocado Toast,Breakfast,Toast,American,gluten free bread avocado olive oil,390.0,9.0,40.0,19.0,8.0,2.2,100.0,0.0,1.0,1.5,260.0,650.0,90.0,50,True,True,True,False,False,False,False,False,False,False,False,False
Berry Smoothie,Breakfast,Smoothie,American,banana berries oat milk flaxseed,360.0,10.0,54.0,9.0,7.0,2.0,160.0,0.0,1.0,1.7,110.0,520.0,95.0,47,True,True,True,False,False,False,False,False,False,False,False,False
Tofu Breakfast Bowl,Breakfast,Bowl,Asian,tofu spinach quinoa turmeric,430.0,24.0,42.0,18.0,7.0,5.5,310.0,0.0,1.0,2.5,280.0,640.0,110.0,45,True,True,True,False,False,False,False,False,True,False,False,False
Chicken Rice Bowl,Lunch,Rice Bowl,American,chicken brown rice spinach carrots,650.0,45.0,68.0,16.0,8.0,3.1,120.0,1.2,2.0,3.2,520.0,850.0,120.0,53,False,False,False,True,False,False,False,False,False,False,False,False
Turkey Rice Bowl,Lunch,Rice Bowl,American,turkey brown rice zucchini spinach,620.0,42.0,64.0,14.0,7.0,2.9,110.0,1.0,2.0,3.1,480.0,810.0,110.0,52,False,False,False,True,False,False,False,False,False,False,False,False
Quinoa Veggie Bowl,Lunch,Grain Bowl,Mediterranean,quinoa spinach cucumber carrots chickpeas,540.0,18.0,72.0,18.0,13.0,5.4,210.0,0.0,1.0,2.8,360.0,820.0,150.0,50,True,True,True,False,False,False,False,False,False,False,False,False
Lentil Rice Bowl,Lunch,Grain Bowl,Indian,lentils rice spinach cumin turmeric,580.0,22.0,82.0,14.0,15.0,6.5,180.0,0.0,1.0,3.1,420.0,860.0,155.0,50,True,True,True,False,False,False,False,False,False,False,False,False
Tuna Cucumber Bowl,Lunch,Rice Bowl,Japanese,tuna rice cucumber avocado,590.0,36.0,65.0,18.0,6.0,2.2,90.0,3.8,6.0,2.1,430.0,720.0,100.0,54,False,False,True,False,True,False,False,False,False,False,False,False
Salmon Quinoa Bowl,Lunch,Protein Bowl,Japanese,salmon quinoa spinach cucumber,610.0,39.0,52.0,22.0,7.0,2.5,110.0,5.0,10.0,3.5,450.0,820.0,120.0,50,False,False,True,False,True,False,False,False,False,False,False,False
Chicken Salad Bowl,Lunch,Salad,American,chicken lettuce cucumber carrots olive oil,520.0,40.0,28.0,20.0,8.0,2.8,100.0,1.1,2.0,2.9,390.0,730.0,95.0,42,False,False,False,True,False,False,False,False,False,False,False,False
Mediterranean Chickpea Bowl,Lunch,Grain Bowl,Mediterranean,chickpeas quinoa cucumber spinach olive oil,550.0,19.0,70.0,18.0,14.0,5.0,190.0,0.0,1.0,2.6,340.0,810.0,140.0,48,True,True,True,False,False,False,False,False,False,False,False,False
Turkey Lettuce Wraps,Lunch,Wrap,American,turkey lettuce cucumber carrots avocado,510.0,38.0,24.0,18.0,6.0,2.6,90.0,1.1,2.0,2.7,320.0,760.0,90.0,40,False,False,False,True,False,False,False,False,False,False,False,False
Tofu Veggie Bowl,Lunch,Bowl,Asian,tofu broccoli quinoa carrots ginger,540.0,26.0,58.0,18.0,10.0,5.2,330.0,0.0,1.0,3.0,370.0,780.0,145.0,48,True,True,True,False,False,False,False,False,True,False,False,False
Grilled Salmon Rice Bowl,Dinner,Rice Bowl,Japanese,salmon brown rice cucumber carrots,680.0,42.0,66.0,24.0,7.0,2.8,120.0,5.5,12.0,3.9,480.0,890.0,130.0,54,False,False,True,False,True,False,False,False,False,False,False,False
Chicken Veggie Plate,Dinner,Plate,American,chicken sweet potato spinach zucchini,640.0,44.0,54.0,18.0,8.0,3.3,120.0,1.2,2.0,3.0,460.0,850.0,115.0,51,False,False,False,True,False,False,False,False,False,False,False,False
Turkey Sweet Potato Plate,Dinner,Plate,American,turkey sweet potato spinach carrots,620.0,42.0,50.0,17.0,7.0,3.0,110.0,1.0,2.0,2.9,440.0,830.0,110.0,50,False,False,False,True,False,False,False,False,False,False,False,False
Tofu Stir Fry,Dinner,Stir Fry,Asian,tofu broccoli brown rice ginger,610.0,30.0,70.0,20.0,9.0,5.8,420.0,0.0,1.0,3.5,520.0,780.0,145.0,48,True,True,True,False,False,False,False,False,True,False,False,False
Quinoa Stuffed Peppers,Dinner,Stuffed Dish,Mediterranean,quinoa spinach herbs olive oil,590.0,18.0,74.0,20.0,11.0,5.2,210.0,0.0,1.0,2.7,320.0,780.0,135.0,50,True,True,True,False,False,False,False,False,False,False,False,False
Baked Cod Rice Plate,Dinner,Plate,American,cod brown rice spinach zucchini,620.0,40.0,58.0,18.0,7.0,2.3,110.0,4.5,9.0,3.1,390.0,790.0,110.0,52,False,False,True,False,True,False,False,False,False,False,False,False
Chickpea Quinoa Plate,Dinner,Plate,Mediterranean,chickpeas quinoa spinach cucumber olive oil,600.0,20.0,78.0,20.0,15.0,5.5,220.0,0.0,1.0,2.8,340.0,820.0,145.0,49,True,True,True,False,False,False,False,False,False,False,False,False
Egg Veggie Rice Bowl,Dinner,Bowl,Asian,eggs brown rice spinach ginger,560.0,24.0,58.0,18.0,6.0,4.5,190.0,1.9,3.0,2.5,410.0,720.0,100.0,52,True,False,True,False,False,False,True,False,False,False,False,False
Turkey Quinoa Bowl,Dinner,Bowl,American,turkey quinoa spinach cucumber,610.0,41.0,52.0,18.0,7.0,3.2,120.0,1.0,2.0,3.0,390.0,790.0,115.0,49,False,False,False,True,False,False,False,False,False,False,False,False
Salmon Veggie Plate,Dinner,Plate,Japanese,salmon spinach sweet potato cucumber,650.0,40.0,50.0,22.0,7.0,2.7,120.0,5.1,11.0,3.4,430.0,840.0,120.0,50,False,False,True,False,True,False,False,False,False,False,False,False
Veggie Lentil Bowl,Dinner,Bowl,Indian,lentils rice spinach turmeric cumin,610.0,23.0,82.0,14.0,16.0,6.4,190.0,0.0,1.0,3.1,360.0,880.0,160.0,49,True,True,True,False,False,False,False,False,False,False,False,False
Rice Pudding,Dinner,Monash Recipe,Mixed,"Lactose-free milk | Rice (arborio, white or basmati) | tbsp sugar | Topping suggestions; Ground cinnamon, walnuts, maple syrup, grated dark chocolate, blueberries, strawberries, banana, passionfruit...",1155.0,10.0,40.2,9.0,0.1,3.47,85.3,0.0,0.0,0.0,676.4,375.0,0.0,50,True,False,True,False,False,True,False,False,False,True,False,False
Rice Paper Dumplings,Dinner,Monash Recipe,Mixed,"Firm tofu, cut into small cubes | Chinese cabbage (wombok), shredded | 1/2 carrot, grated | Oyster mushrooms, finely chopped | Spring onion, green tops only | 1/2 tbsp sesame oil | 1/2 tbsp soy sauce | 1/2 tbsp minced ginger | 12 rice paper rounds | Vegetable oil for cooking | Soy sauce and rice wine vinegar to serve",2029.0,15.2,24.82,34.3,7.62,1.49,134.2,0.0,0.0,0.0,8.2,132.0,0.0,50,True,True,True,False,False,False,False,False,True,False,False,False
Chocolate Pavlova,Lunch,Monash Recipe,Mixed,"6 large egg white | Caster sugar | tbsp cocoa powder, sieved | 1 tsp balsamic vinegar | Dark chocolate, grated | Thickened cream, whipped | Chocolate and fruit of your choice to decorate, optional",1084.4,3.6,34.5,12.0,0.4,5.08,21.75,0.0,0.0,0.0,17.25,400.0,0.0,50,True,False,True,False,False,True,True,False,False,False,False,False
Potato Salad with Green Beans & Mustard Vinaigrette,Dinner,Monash Recipe,Mixed,"New/baby potatoes | 4 rashers lean bacon, sliced thinly | Green beans | tbsp chopped chives | tbsp chopped parsley | ¼ cup roasted walnuts | garlic infused olive oil | tbsp balsamic vinegar | 1 tsp wholegrain mustard | ½ tsp dijon mustard | 8 twists of black pepper",1005.0,7.7,13.7,16.5,5.6,2.37,70.53,0.0,0.0,0.0,574.5,685.3,7.0,50,False,False,False,True,False,False,False,False,False,True,False,True
Three-coloured Rice Bowl,Dinner,Monash Recipe,Mixed,"White rice, cooked | Chicken mince (ground chicken) | sake (Japanese rice wine) | white sugar | soy sauce | egg | white sugar | salt | spinach | soy sauce | sesame seeds",2141.0,28.2,64.7,14.1,3.6,254.1,207.8,0.0,2.5,0.0,17836.8,1511.85,0.0,50,False,False,False,True,False,False,True,False,True,False,False,False
Lotus Root Meatballs,Lunch,Monash Recipe,Mixed,"Chicken mince (ground chicken) | Firm tofu | Lotus root, frozen | Carrot, finely grated | Spring onion / scallion (green tops only), finely chopped | egg | salt | sake (Japanese rice wine) | soy sauce | minced ginger | potato starch | sesame oil | water | sake (Japanese rice wine) | Mirin seasoning / aji-mirin | soy sauce | white sugar | potato starch",989.0,21.8,9.4,11.4,2.4,5.9,298.0,0.0,0.0,0.0,16282.0,1159.6,0.0,50,False,False,False,True,False,False,True,False,True,False,False,False
Easy Salmon and Potato Gratin,Dinner,Monash Recipe,Mixed,"White potatoes, peeled | Canned salmon, drained | creamed corn, canned | Japanese mayonnaise | almond milk | wholegrain Dijion mustard | dried oregano | Mozzarella cheese, shredded | Canola oil (as needed) | Salt, to season | Pepper, to season",1249.0,17.4,16.2,17.8,2.0,3.36,412.35,0.0,0.0,0.0,14469.4,647.33,0.0,50,False,False,True,False,True,True,False,False,False,True,False,False
Chicken with Quinoa and Kiwi Salad,Dinner,Monash Recipe,Mixed,"white quinoa | water | Chicken thigh, diced | iceberg lettuce | cherry tomatoes | green kiwifruit, peeled | wholegrain Dijion mustard | rice wine vinegar | perilla oil | Salt, to season | Black pepper, to season",1026.0,17.2,18.0,10.7,4.0,6.69,155.65,0.0,0.0,0.0,14807.65,701.0,0.0,50,False,False,False,True,False,False,False,False,False,False,False,False
Turnip with Miso Meat Sauce,Lunch,Monash Recipe,Mixed,"Pork mince (ground pork) | White turnip, peeled | dried red chilli, sliced | minced ginger | sesame seeds | sake (Japanese rice wine) | miso paste | white sugar | soy sauce | water | rice bran oil | potato starch | water",769.0,11.9,7.7,10.4,1.6,3.02,81.45,0.0,0.0,0.0,2605.05,586.6,0.0,50,False,False,False,True,False,False,False,False,True,False,False,True
Creamy Pumpkin & Sage Gnocchi,Lunch,Monash Recipe,Mixed,"2 cups Kent pumpkin, peeled | 1 tbsp garlic infused olive oil | 1 bunch fresh sage | Salt and pepper to taste (optional) | Extra-firm tofu, drained and crumbled | ¼ cup soy milk (soy protein) | 2 tbsp nutritional yeast | 2 tsp lemon juice | 2 heaped tbsp margarine/dairy free spread | Gluten free gnocchi",2646.0,27.0,64.0,32.0,10.0,2.12,147.5,0.0,0.0,0.0,430.5,324.0,0.0,50,True,False,True,False,False,True,False,False,True,False,False,False
Cilantro Green Rice with Spinach & Lime,Dinner,Monash Recipe,Mixed,"2¾ cups Low FODMAP Chicken Stock, or water | ½ tsp fine sea salt | 1½ cups white rice; I use basmati because it&#x27;s fluffy | 2 tbsps low FODMAP garlic-infused oil, made with extra virgin olive oil | 1 cup fresh baby spinach | ¼ cup thin sliced scallions, green parts only | 1 cup fresh medium packed cilantro, mostly leaves, chopped fine | Juice of 1 lime (2 tbsps), plus more to your taste",1174.0,5.04,52.03,5.1,1.63,3.0,200.0,1.0,1.0,2.0,300.0,400.0,80.0,50,False,False,False,True,False,False,False,False,False,False,False,False
Vanilla Flan with Caramel Sauce,Lunch,Monash Recipe,Mixed,"½ cup sugar | 3 tbsps water | 3 large eggs plus 2 large egg yolks, room temperature | 1 cup plain, unsweetened almond milk, room temperature | ¾ cup canned full-fat coconut milk for cooking, containing no inulin, well-stirred, room temperature | ½ cup sugar | 1 tbsp vanilla extract (essence) | Pinch fine sea salt",898.0,3.49,35.28,7.39,0.12,3.0,200.0,1.0,1.0,2.0,300.0,400.0,80.0,50,True,False,True,False,False,True,True,False,False,True,False,False
Green Chile Crab Cakes,Lunch,Monash Recipe,Mixed,"Lump crab meat, fresh or canned and drained, cleaned and divided | Canned mild chopped green chiles, drained | ⅓ cup plain low FODMAP gluten-free panko breadcrumbs | 2 tbsps mayonnaise, containing no onion, garlic or other high FODMAP ingredients | 1 egg white, whisked | Juice of ½ lime, plus 1 more for finishing spritz and garnish | 2 tsps minced chives | ½ tsp fresh ground black pepper | ¼ cup low FODMAP gluten-free all-purpose baking flour, containing xanthan gum | ¼ tsp fine sea salt | 2 tbsps canola oil for pan cooking | 1 cup thinly sliced Romaine lettuce, chilled | ¼ tsp smoked paprika for dusting garnish",1216.0,12.95,14.18,19.62,3.14,3.0,200.0,1.0,1.0,2.0,300.0,400.0,80.0,50,False,False,True,False,True,False,True,True,False,False,True,False
Pollo Dorado with Lemon Poblano Sauce,Lunch,Monash Recipe,Mixed,"2 tbsps low FODMAP garlic-infused oil, made with canola oil | 2 medium fresh poblano peppers, roasted and prepped, rough chopped | ½ cup fresh, medium packed cilantro leaves, some stems are okay | scallions, green parts only, roughly chopped | ¼ cup unsweetened, plain almond milk | 2 tbsps plain dairy-free, unsweetened coconut yoghurt | Juice of 1 lemon | ¼ tsp ground cumin | ¼ scant tsp fine sea salt | ¼ scant tsp fresh ground black pepper | 2 chicken breasts, boneless, skinless | ½ cup low FODMAP gluten-free all-purpose baking flour, containing xanthan gum | 1 tsp fine sea salt | ½ tsp fresh ground black pepper | 1 large egg | 25 regular style corn tortilla chips, gluten-free, blended into coarse crumbs in a food processor (makes approx. 1 cup) | 3 tbsps canola oil | Cooking spray oil | Fresh cilantro, finely chopped for garnish",4174.0,70.24,52.27,53.84,10.5,0.28,9.5,0.0,0.0,0.0,2510.5,197.0,0.0,50,False,False,False,True,False,True,True,True,False,True,False,False
Hummus,Lunch,Monash Recipe,Mixed,"Canned chickpeas | 1/4 cup lemon juice, freshly squeezed | 1/2 cup tahini, hulled | 1/3 cup garlic infused olive oil | Water | Salt and pepper",1592.0,7.87,9.3,33.2,6.9,3.57,39.25,0.0,0.0,0.0,1316.05,617.5,0.0,50,True,True,True,False,False,False,False,False,False,False,False,False
Chocolate Mousse,Lunch,Monash Recipe,Mixed,"Baking dark chocolate, roughly chopped | 3 eggs | ¼ cup caster sugar | 1 tbsp cocoa powder | Lactose free thickened cream",2106.0,6.0,41.9,35.7,0.9,3.0,200.0,1.0,1.0,2.0,300.0,400.0,80.0,50,True,False,True,False,False,True,True,False,False,False,False,False
Chocolate Mug Cake,Lunch,Monash Recipe,Mixed,4 tbsp gluten free flour | 3 tbsp sugar | 2 tbsp cocoa powder | ½ tsp baking powder | 3 tbsp lactose free milk | 1 tbsp vegetable oil | 1 tsp vanilla extract | 1 tbsp dark chocolate (chopped or chocolate chips) | Optional - icing sugar for topping,2864.0,7.32,102.4,27.6,4.71,3.0,200.0,1.0,1.0,2.0,300.0,400.0,80.0,50,True,False,True,False,False,True,False,True,False,False,False,False
"Low FODMAP Silky Red Mole Sauce with Red Chile Powder, Chocolate and Peanut Butter",Lunch,Monash Recipe,Mixed,"low FODMAP garlic-infused canola or vegetable oil | pure mild red chile powder* | smoked paprika | ground cinnamon | ground cumin | fine ground black pepper | low FODMAP chicken broth (without onion or garlic) | canned, drained, roughly chopped whole plum tomatoes | thinly sliced scallions, green parts only | smooth peanut butter | plus 1tsp Dutch-processed cocoa powder | dark baking chocolate (70% cocoa minimum), broken into pieces^ | light brown sugar | salt",613.0,3.51,6.9,11.57,1.82,9.27,145.2,0.0,0.0,0.0,1276.6,1119.67,0.0,50,False,False,False,True,False,True,False,False,False,False,False,False
Vanilla Custard,Lunch,Monash Recipe,Mixed,6 egg yolks | Caster sugar | Thickened cream (lactose free if required) | Lactose free milk | 1 tsp vanilla essence | 2 tsp cornflour/cornstarch,1243.0,3.0,8.2,28.7,0.0,3.0,200.0,1.0,1.0,2.0,300.0,400.0,80.0,50,True,False,True,False,False,True,True,True,False,False,False,False
Lemon Raspberry Friands,Lunch,Monash Recipe,Mixed,Icing sugar | Almond meal | Cassava flour | Zest of 1 lemon | ½ tsp salt | Egg whites (approx 6 eggs) | Butter | ½ tsp vanilla extract | 24 raspberries,1275.0,4.9,24.4,21.1,1.6,0.64,17.0,0.0,0.0,0.0,252.2,274.0,0.0,50,True,False,True,False,False,True,True,True,False,True,False,False
Golden Sticky Tofu Nourishing Bowl,Lunch,Monash Recipe,Mixed,"ROAST VEGGIES | parsnip | carrot | sweet potato | olive oil | salt and pepper to season | SUNSHINE TAHINI DRESSING | 3 tsp Tahini | ½ tsp garlic infused olive oil | 2 tsp lemon juice | 1 tsp maple syrup | Season with black pepper | GOLDEN STICKY TOFU | Firm tofu | 1 tbsp cornflour/starch | ¼ tsp salt | ¾ tsp paprika | ½ tsp ground cumin | ½ tsp ground coriander | ¼ tsp chilli flakes (optional) | 1 tbsp lemon juice | 1 tbsp maple syrup | 2 tsps brown sugar | 1 tbsp water | 1 tbsp garlic infused oil (for frying) | baby spinach (roughly chopped) | 1 tbsp spring onion/green onion (green leaves only, finely sliced) | 1.5 cups cooked brown rice (we used a precooked rice packet)",3279.0,26.13,72.89,39.68,15.57,9.43,102.2,7.18,0.5,0.0,773.4,1782.15,0.0,50,True,False,True,False,False,False,True,True,True,False,False,False
Maple Mustard Chicken Crunch Salad,Dinner,Monash Recipe,Mixed,"CRUMBED CHICKEN TENDERS | Skinless chicken breast | 1 ½ cups Panko breadcrumbs | ½ tsp Salt | 3 tbsp Mayonnaise | 2 tsp Dried chives | 2 tbsp Fresh parsley, finely chopped | HERB ROASTED POTATOES | Potato | 1 tbsp Garlic infused oil | ½ tsp Dried oregano | ½ tsp Dried thyme | Season with salt and pepper | SALAD | 4 cups Iceberg lettuce, shredded | 1 ½ cups Continental cucumber | 1 cup Grated cheddar cheese, optional | DRESSING | 3 tbsp Mayonnaise | 1 tbsp Dijon mustard | ½ tsp pure maple syrup (optional - add to taste) | Season with black pepper",2780.0,40.81,40.31,36.29,5.48,0.59,34.0,0.0,0.0,0.0,402.0,293.67,0.0,50,False,False,False,True,False,True,False,True,False,False,False,False
Peanut Butter Chocolate Crunch Bars,Lunch,Monash Recipe,Mixed,PEANUT BUTTER CHOCOLATE CRUNCH BARS | ½ cup smooth peanut butter | ¼ cup maple syrup | 1 tsp vanilla extract | 5 rice cakes | CHOCOLATE TOPPING | ½ cup dark chocolate chips | 3 tsp coconut oil | ¼ tsp sea salt,1474.0,7.04,33.49,21.36,2.05,3.0,200.0,1.0,1.0,2.0,300.0,400.0,80.0,50,True,False,True,False,False,True,False,False,False,False,False,False
Easy Low FODMAP Beef Tacos with Homemade Slaw,Dinner,Monash Recipe,Mixed,"HOMEMADE SLAW | Iceberg lettuce | Red cabbage | Carrot | spring onion / green onion (green leaves only, finely chopped) | Lemon juice | Season with salt and pepper | TACO SPICE MIX | Dried oregano | Paprika | Smoked paprika | Ground cumin | Ground coriander | Chilli powder (optional) | Salt | Black pepper | BEEF MIX | Lean ground beef | Garlic infused oil | Leek (green leaves only, finely chopped) | Green bell pepper / capsicum (diced) | Tomato paste | Water | TO SERVE | Hard shell corn tacos (3 taco shells per serving) | Sour cream or mayonnaise | cheddar, Colby or vegan cheese (grated) | Fresh coriander/cilantro (optional, chopped)",2691.0,37.78,26.77,41.08,7.68,2.83,128.73,0.0,0.0,0.0,929.8,1093.75,0.0,50,False,False,False,True,False,True,False,False,False,False,False,False
Tomato Basil Spaghetti Squash with Pumpkin Seeds,Lunch,Monash Recipe,Mixed,"1 medium Spaghetti Squash | 2 tbsp Garlic Infused Olive Oil | 1 cup Canned Tomatoes, drained | ¼ cup Pumpkin Seeds (Pepitas), roasted | ¼ cup Parmesan Cheese | 8 large Basil Leaves, chopped | Salt and Pepper, to taste",936.13,5.7,7.0,16.3,3.5,3.12,20.0,0.0,0.0,0.0,735.8,617.5,0.0,50,True,False,True,False,False,True,False,False,False,False,False,False
Vegan Chocolate Chia Pudding,Lunch,Monash Recipe,Mixed,Chia Seeds | Almond Milk | Maple Syrup | Vanilla Soy Yoghurt | Cocoa Powder | Vanilla Essence | Toppings: | Blueberries | Cacao Nibs,1525.0,10.0,36.0,16.0,16.0,6.83,193.65,0.0,0.0,3.5,804.55,941.83,27.0,50,True,False,True,False,False,True,False,False,True,True,False,False
Vegan Soba Noodle Salad,Dinner,Monash Recipe,Mixed,"Soba Noodles, uncooked | Firm Tofu (calcium set) | Edamame | Carrots | Cucumber | Sesame Seeds (for garnish) | Garlic Infused Olive Oil | For the Dressing | Tamari | Garlic Replacer | Maple Syrup | Rice Wine Vinegar | Minced Ginger | Chilli (optional - to taste)",2267.0,30.0,58.4,20.8,11.0,4.02,232.15,0.0,0.0,0.0,1259.2,685.0,0.0,50,True,True,True,False,False,False,False,False,True,False,False,False
Vegan Crispy Lemongrass Tempeh with Rice,Dinner,Monash Recipe,Mixed,Tempeh | Basmati Rice (to serve) | For the Flour Mix | Corn Flour | Salt &amp;amp; Pepper | For the Batter: | Gluten-Free Flour | Water | Powdered Low FODMAP Stock | Minced Lemongrass | For the Coating: | Panko Breadcumbs | For the Lemongrass Oil | Minced Ginger | Garlic Replacer | Minced Lemongrass | Spring Onion (green tips only) | Rice Bran Oil,3210.0,20.0,64.0,24.1,6.0,6.24,133.2,0.0,0.0,0.0,795.65,581.5,69.0,50,True,True,True,False,False,False,False,True,True,False,False,False
Blueberry Popsicles,Lunch,Monash Recipe,Mixed,2 cups lactose-free yoghurt | 1 cup lactose-free milk | 2 cups blueberries (fresh or frozen) | 1 tsp cinnamon | 1 tbsp maple syrup | 1/2 tsp vanilla essence,382.3,4.0,12.1,2.7,1.2,3.0,200.0,1.0,1.0,2.0,300.0,400.0,80.0,50,True,False,True,False,False,True,False,False,False,False,False,False
Pulled Pork Burrito Bowl,Lunch,Monash Recipe,Mixed,"pork shoulder, string removed | 1.5 tbs paprika | 1 tbs cumin | 2 tsp ground coriander | 2 cups brown rice, raw | 1 cup red cabbage, shredded | feta, crumbled | cherry tomatoes, chopped in half | 1 cup corn kernals | 1/4 cup lime juice + extra lime wedges to garnish | 1/2 bunch coriander (cilantro) leaves | 1 small fresh Jalapeno chilli, thinly sliced (optional to garnish for extra spice if desired)",2722.0,74.8,44.7,17.0,6.5,2.51,126.6,0.0,0.0,0.0,1366.8,326.33,0.0,50,False,False,False,True,False,False,False,False,False,False,False,True
Parmesan & Thyme Roasted Parsnips,Lunch,Monash Recipe,Mixed,"6 tbsp polenta (cornmeal) | Parmesan, grated | 1 tbsp thyme leaves | Parsnips, quartered and core removed | 6 tbsp olive oil | Parsley, roughly chopped",1423.75,9.94,28.91,18.7,8.47,1.6,140.4,0.0,0.0,0.0,717.8,581.5,7.0,50,True,True,True,False,False,False,False,False,False,False,False,False
Sweet Potato and Feta Frittata,Lunch,Monash Recipe,Mixed,"6 eggs | 1/2 cup lactose free milk | Feta | 1 cup chopped sweet potato | 1/2 zucchini, grated | 1 cup spinach, loosely packed | Paprika (or spice of choice) | Rosemary (or herb of choice)",837.9,14.7,6.6,12.4,1.6,1.1,110.0,0.0,0.0,0.0,449.8,140.33,0.0,50,True,False,True,False,False,True,True,False,False,False,False,False
Cranberry Sauce,Lunch,Monash Recipe,Mixed,Fresh or frozen cranberries | 1 cup of sugar | 1 cup of water | 1/4 tsp cinnamon | Pinch of nutmeg,390.0,0.21,22.75,0.06,1.48,3.0,200.0,1.0,1.0,2.0,300.0,400.0,80.0,50,True,True,True,False,False,False,False,False,False,False,False,False
Cornbread,Lunch,Monash Recipe,Mixed,"¾ cup cornmeal/polenta | 1½ cups gluten free flour | 1 tbsp baking powder | ⅓ cup white sugar | 1 tsp salt | 1 cup creamed corn | Melted butter, cooled slightly | 2 eggs, lightly whisked | ¾ cup lactose-free milk",1215.8,4.6,39.5,12.4,1.6,3.0,200.0,1.0,1.0,2.0,300.0,400.0,80.0,50,True,False,True,False,False,True,True,True,False,False,False,False
Pumpkin Pie,Lunch,Monash Recipe,Mixed,Pastry | 1 1/4 cup gluten free flour | 1/4 tsp salt | 6 tbsp cold butter | 4-6 tbsp ice cold water | Filling | 1 3/4 cups canned pumpkin | ½ cup brown sugar | ⅓ cup white sugar | 2 tsp cinnamon | 1 tsp ground ginger | ¼ tsp ground cloves | Pinch of nutmeg | 1 ⅓ cups lactose free heavy cream | 2 eggs plus 1 extra egg yolk,1427.0,3.59,28.61,23.17,4.65,1.74,254.25,0.0,0.0,0.0,503.75,472.0,0.0,50,True,False,True,False,False,True,True,True,False,False,False,False
Cookie Dough Bliss Balls,Lunch,Monash Recipe,Mixed,1/2 cup peanut butter | 1 1/2 cups almond meal | 3 tbsp maple syrup | 1 tsp vanilla essence | 1/3 cup dark chocolate chips,860.0,5.9,9.9,15.7,2.0,3.0,200.0,1.0,1.0,2.0,300.0,400.0,80.0,50,True,False,True,False,False,True,False,False,False,True,False,False
Tofu Vermicelli Bowl with Peanut Sauce,Lunch,Monash Recipe,Mixed,"1 nest of vermicelli noodles, uncooked | 1/2 cup firm tofu, cubed | 1/3 cup red cabbage, shredded | Half a carrot, thinly sliced | 1/4 cup edamame beans | 1 tbsp peanuts, roughly chopped | 1 tbsp spring onion, green tops only, chopped | Sauce: | 1 tbsp peanut butter | 1 tbsp soy sauce | 1 tsp sesame oil | 1 tsp maple syrup | 1 tsp sriracha | 1 tsp water",2929.0,30.6,68.8,30.8,12.7,3.0,200.0,1.0,1.0,2.0,300.0,400.0,80.0,50,True,False,True,False,False,True,False,False,True,False,False,False
Pizza dough + 8 topping ideas!,Lunch,Monash Recipe,Mixed,2 1/2 cups gluten free flour | 3 tsp baking powder | 1 tsp salt | 3/4 cup water | 1 tbsp olive oil,1518.7,3.64,73.0,5.6,1.1,3.0,200.0,1.0,1.0,2.0,300.0,400.0,80.0,50,True,True,True,False,False,False,False,True,False,False,False,False
Pumpkin Bread,Lunch,Monash Recipe,Mixed,"2 cups gluten free all-purpose flour | 1 tsp baking soda | ½ tsp baking powder | ½ tsp salt | ¼ tsp ground ginger | ¼ tsp ground nutmeg | 1 tsp ground cinnamon | ½ cup butter, melted | 1 cup white sugar | 1 cup canned pumpkin* | 1/4 cup sour cream | 2 eggs | 1 tsp vanilla extract | 1/4 cup pumpkin seeds",1211.0,3.8,41.1,12.3,1.1,3.0,200.0,1.0,1.0,2.0,300.0,400.0,80.0,50,True,False,True,False,False,True,True,True,False,False,False,False
Spicy vodka pasta,Dinner,Monash Recipe,Mixed,"250g low FODMAP pasta | 2 tbs garlic infused olive oil | 1/4 cup tomato paste | 1/3 cup reduced fat cream (lactose-free if necessary) | 1/4 cup vodka | 1 tsp chilli flakes | 1 tsp butter | 1/4 cup parmesan cheese | Basil leaves, to serve | 1/2 cup spring onion greens",3374.8,15.9,88.2,34.9,5.4,3.0,200.0,1.0,1.0,2.0,300.0,400.0,80.0,50,True,False,True,False,False,True,False,True,False,False,False,False
Choc Peanut Butter Smoothie,Breakfast,Monash Recipe,Mixed,1 slightly green banana | 2 tbsp peanut butter | 1/2 cup unsweetened almond milk | 1/4 cup lactose free yoghurt | 1 tbsp cacao powder | 1/2 tsp vanilla essence,2170.0,17.07,36.59,32.25,7.4,3.0,200.0,1.0,1.0,2.0,300.0,400.0,80.0,50,True,False,True,False,False,True,False,False,False,True,False,False
3-Ingredient Flatbread,Lunch,Monash Recipe,Mixed,Gluten Free Plain Flour | Lactose free yoghurt | 1 tsp baking powder | Oil for cooking,520.3,2.4,25.5,1.2,0.3,3.0,200.0,1.0,1.0,2.0,300.0,400.0,80.0,50,True,False,True,False,False,True,False,True,False,False,False,False
Spanakopita,Lunch,Monash Recipe,Mixed,"English spinach leaves (stalks removed) | 2 tbsp olive oil | 2 cups leek greens, roughly chopped | 1 cup spring onion greens, roughly chopped | Feta cheese, shredded/crumbled | Dill, roughly chopped | Mint leaves, roughly chopped | 2 eggs, beaten | Zest of 1 lemon | Pinch of nutmeg | Filo pastry (about 12 sheets) | Oil, for greasing pastry",1413.5,14.8,22.4,20.1,5.3,1.63,223.47,0.0,0.0,0.0,1156.15,136.0,0.0,50,True,False,True,False,False,True,True,False,False,False,False,False
Smokey eggplant dip,Lunch,Monash Recipe,Mixed,"eggplant | lemon juice | tahini | ground cumin | garlic-infused extra virgin olive oil | Salt and pepper, to taste | Sprinkle of smoked paprika | Fresh herbs (such as coriander or parsley), roughly chopped, to serve",310.0,2.0,1.0,7.0,2.6,8.51,213.45,0.0,0.0,0.0,1990.2,1338.42,0.0,50,True,False,True,False,False,False,True,False,False,False,False,False
Chicken Broccoli Pasta Bake,Dinner,Monash Recipe,Mixed,"1 tbsp garlic infused olive oil | 500g chicken breast, diced | pasta, gluten free | 3 cups broccoli florets | 2 cups kent/japanese pumpkin, diced | 1/4 cup butter | 1/4 cup gluten free flour | 1 cup low FODMAP chicken stock | 1 cup lactose-free milk | 1 cup mozzarella, shredded",1862.8,29.8,35.9,19.2,3.4,248.95,38.0,0.0,3.0,0.0,351.2,171.0,0.0,50,False,False,False,True,False,True,False,True,False,False,False,False
"Roasted Sweet Potato, Quinoa and Fried Egg Lunch bowl",Lunch,Monash Recipe,Mixed,"Half a medium sweet potato, cut into cubes | 1 tsp smoked paprika | 1 tsp olive oil | 1/2 cup quinoa uncooked | 1 cup Low FODMAP vegetable or chicken stock | 4 eggs | 1 tbsp butter | Salt and pepper to taste",1885.0,20.34,39.5,22.03,7.14,3.0,200.0,1.0,1.0,2.0,300.0,400.0,80.0,50,False,False,False,True,False,True,True,False,False,False,False,False
Roast Pumpkin & Thyme Risotto,Lunch,Monash Recipe,Mixed,"Kent/Japanese pumpkin, peeled, seeded, cut into 2cm cubes | 3 cups Low FODMAP Vegetable Stock | 1 tbsp garlic infused olive oil | 1 tbsp fresh thyme leaves, chopped + extra for serving | Arborio Rice, uncooked | 2/3 cup white wine | 1/4 cup pepitas (pumpkin seeds) | Feta, crumbled",1938.4,10.2,57.6,16.2,5.2,1.22,116.0,0.0,0.0,0.0,515.4,215.08,0.0,50,True,True,True,False,False,False,False,False,False,False,False,False
Rice Paper Rolls with Peanut Dipping Sauce,Dinner,Monash Recipe,Mixed,"Dried vermicelli noodles | Firm tofu | 2 tbsp sesame oil | 2 tbsp cornstarch | 1 large carrot, grated | 1/2 a cucumber, thinly sliced | 1 cup red cabbage | 1/4 cup coriander leaves | 8 rice paper wrappers | Dipping Sauce: | 1/3 cup peanut butter | 2 tbsp rice wine vinegar | 2 tbsp soy sauce | 1 tbsp maple syrup | 1 tbsp sesame oil | 2 to 3 tbsp water, as needed",2246.3,16.8,44.5,30.6,7.9,1.49,134.2,0.0,0.0,0.0,8.2,132.0,0.0,50,True,False,True,False,False,True,False,False,True,False,False,False
"Roasted Pumpkin, Quinoa and Beetroot Salad",Dinner,Monash Recipe,Mixed,"1 cup of Japanese Pumpkin, cubed | 4 slices raw beetroot | Half a medium zucchini, cut into 1cm slices | ½ cup uncooked quinoa, rinsed | 2 tbsp crumbled feta | 2 tbsp fresh parsley leaves, roughly chopped | 2 tsp balsamic vinegar | 2 tsp olive oil",1193.6,9.2,33.4,10.9,7.0,3.0,200.0,1.0,1.0,2.0,300.0,400.0,80.0,50,True,True,True,False,False,False,False,False,False,False,False,False
Chicken Madras Curry,Dinner,Monash Recipe,Mixed,"2 tbsp olive oil | 2 tbsp garlic infused olive oil | 1 tsp cinnamon | 1 tbsp ginger, finely chopped | 1 tsp turmeric | 1 tsp cumin seeds | 1 tsp ground coriander | 1 tsp garam masala | 1/2 tsp cayenne pepper | Chicken thigh fillets, cut in half | 8 fresh curry leaves | 2 medium tomatoes, roughly chopped | 1/3 cup coconut milk, canned | 1/4 cup coriander, roughly chopped",1752.9,25.3,4.1,33.5,1.8,3.0,200.0,1.0,1.0,2.0,300.0,400.0,80.0,50,False,False,False,True,False,True,False,False,False,False,False,False
Carrot Fritters,Lunch,Monash Recipe,Mixed,"6 medium sized carrots, grated | 1/4 cup greens of spring onion | 1 tsp cumin seeds | 1 tsp coriander seeds | 1/2 cup coriander, chopped | 2 eggs, whisked (see hints for vegan options) | 1/2 cup flour, white* | 1/2 tsp sea salt | 2 tbs extra virgin olive oil | Extra herbs for garnish (e.g. dill, parsley)",1048.4,6.6,25.9,11.9,7.6,3.0,200.0,1.0,1.0,2.0,300.0,400.0,80.0,50,True,False,True,False,False,False,True,True,False,False,False,False
Lemon Myrtle Sorbet,Lunch,Monash Recipe,Mixed,420ml water | 2 cups caster sugar | 400ml freshly squeezed lemon juice | 100ml freshly squeezed lime juice | Zest of 1 lemon | Zest of 1 lime | 1 tsp lemon myrtle leaf ground,559.0,0.2,32.8,0.08,1.1,3.0,200.0,1.0,1.0,2.0,300.0,400.0,80.0,50,True,True,True,False,False,False,False,False,False,False,False,False
Saltbush dukkah,Lunch,Monash Recipe,Mixed,1/2 cup dried ground salt bush leaves | 1 cup finely chopped macadamias | 1/4 cup sesame seeds | 1/4 cup roughly chopped pumpkin seeds/pepitas | 2 tbs coriander seeds | 1/2 tbs cumin seeds | 1 tsp ground peppercorns,1095.0,5.7,2.3,24.9,4.1,3.0,200.0,1.0,1.0,2.0,300.0,400.0,80.0,50,True,True,True,False,False,False,False,False,False,True,False,False
Tasmanian pepperberry chimichurri,Lunch,Monash Recipe,Mixed,"1 cup flat-leaf parsley leaves | 1/2 cup coriander leaves | 2 tbs dried or fresh oregano | 1/4 cup garlic infused olive oil | 2-3 tbs red wine vinegar | 1/2 tsp ground pepperberry* | Pinch salt | 2 tsp lemon peel, grated finely (optional)",926.0,0.9,1.4,23.2,2.7,3.0,200.0,1.0,1.0,2.0,300.0,400.0,80.0,50,True,True,True,False,False,False,False,False,False,False,False,False
Kiwi Kakadu Plum Smoothie Bowl,Breakfast,Monash Recipe,Mixed,"1 medium unripe banana | 1/2 cup your choice of low FODMAP milk | 2 green kiwi fruit, peeled | 1/2 cup chopped kale, stems &amp;amp; stalks removed | 1 tsp Kakadu plum powder* | handful of ice",1028.0,6.4,38.8,4.9,9.0,3.0,200.0,1.0,1.0,2.0,300.0,400.0,80.0,50,True,False,True,False,False,True,False,False,False,False,False,False
Chocolate Wattleseed Self-Saucing Pudding,Lunch,Monash Recipe,Mixed,"2 tbsp wattleseeds* | 1 cup gluten-free flour | 3/4 cup caster sugar | 1/2 cup cocoa powder | 1/2 cup low FODMAP milk of your choice | 1 tsp vanilla essence | 1.5 tbsp butter, melted | 1/2 cup brown sugar | 1 3/4 cups boiling water",1294.2,3.8,60.3,5.6,4.3,3.0,200.0,1.0,1.0,2.0,300.0,400.0,80.0,50,True,False,True,False,False,True,False,True,False,False,False,False
Eggnog,Lunch,Monash Recipe,Mixed,2 cups lactose free milk | ½ tsp cinnamon | ½ tsp nutmeg | ½ tsp vanilla extract | 6 regular egg yolks | ½ cup sugar | 1 cup lactose free cream | 1 cup whiskey,2190.0,7.6,30.1,29.7,0.2,3.0,200.0,1.0,1.0,2.0,300.0,400.0,80.0,50,True,False,True,False,False,True,True,False,False,False,False,False
Grapefruit Prawn Salad,Dinner,Monash Recipe,Mixed,"peeled, cooked prawns (about 16 or 800g whole prawns) | ½ pink grapefruit, peeled and segmented | 1 long green chilli, sliced | 1 bunch of mint, leaves picked | 1/2 cup coriander leaves | 2 Lebanese cucumbers, cut thinly on the diagonal | 1/2 cup shredded coconut | 1/2 cup roasted peanuts | 2 tsp caster sugar | juice of 2 limes | 2 tbsp fish sauce",1320.0,29.42,9.15,16.21,6.92,3.0,200.0,1.0,1.0,2.0,300.0,400.0,80.0,50,False,False,True,False,True,False,False,False,False,False,True,False
Christmas Yoghurt Bark,Lunch,Monash Recipe,Mixed,"2 cups plain lactose free yoghurt | 1/2 cup chopped strawberries | 2 tbsp pumpkin seeds | 30g dark chocolate, shaved or grated",647.0,6.6,13.4,7.9,0.8,3.0,200.0,1.0,1.0,2.0,300.0,400.0,80.0,50,True,False,True,False,False,True,False,False,False,False,False,False
Salmon poke bowl,Dinner,Monash Recipe,Mixed,"1 1/2 cups white rice or sushi rice | 2 tsp sugar | 1/4 cup rice wine vinegar | 1/4 cup soy sauce | 1 tsp wasabi powder | 2 tsp maple syrup | Sashimi-grade salmon, cut into 2cm cubes | 1 tbs sesame seeds | 4 red radish, thinly sliced | 1 continental cucumber, thinly sliced | 1 cup shredded red cabbage",2094.0,25.3,68.3,12.6,2.5,3.0,200.0,1.0,1.0,2.0,300.0,400.0,80.0,50,False,False,True,False,True,False,False,False,True,False,False,False
Buckwheat Crepes,Lunch,Monash Recipe,Mixed,1 cup lactose-free low fat milk | 1/3 cup water | 3 eggs | 1/2 tsp salt | 2/3 cup buckwheat flour | 1/2 cup plain white gluten free flour | 3 tbs canola oil,383.0,3.3,8.0,5.0,0.4,3.0,200.0,1.0,1.0,2.0,300.0,400.0,80.0,50,True,False,True,False,False,True,True,True,False,False,False,False
Pumpkin pie bug balls,Lunch,Monash Recipe,Mixed,"Kent/japanese/jarrahdale pumpkin, pureed and cooled* | Chopped pecans | Coconut, desiccated | 2 tbsp pure maple syrup | 1 tbsp pumpkin spice mix** | 2 tbsp pepitas (pumpkin seeds) | Extra pumpkin seeds and pretzels for decorating",679.0,2.4,5.1,14.4,2.6,2.79,76.05,0.0,0.0,0.0,538.9,387.67,0.0,50,True,True,True,False,False,False,False,False,False,True,False,False
Pumpkin Spiced Latte,Lunch,Monash Recipe,Mixed,1 tsp pure maple syrup | 1 tsp canned pumpkin (or pureed pumpkin) | 1 shot coffee or espresso | 1/4 tsp cinnamon | 1/4 tsp nutmeg | 1/4 tsp ground ginger | 1/4 tsp cloves | 1 cup reduced-fat lactose-free milk (or your preferred choice of low FODMAP milk),192.0,3.1,5.8,1.1,0.4,3.0,200.0,1.0,1.0,2.0,300.0,400.0,80.0,50,True,False,True,False,False,True,False,False,False,False,False,False
Cacao peanut butter smoothie bowl,Breakfast,Monash Recipe,Mixed,1 firm banana | 1 tsp cacao powder | 1 tsp maple syrup | 1 tbsp natural peanut butter | 1 tsp chia seeds | 1/2 cup lactose free milk (or your preferred low FODMAP choice of milk),1527.0,12.4,33.3,19.3,5.4,3.0,200.0,1.0,1.0,2.0,300.0,400.0,80.0,50,True,False,True,False,False,True,False,False,False,False,False,False
Tahini Chocolate Chip Cookies,Lunch,Monash Recipe,Mixed,"Butter, unsalted | Tahini, unhulled | Sugar | 1 egg | 1 tsp vanilla extract | 1 1/2 cups gluten free flour | 1/2 tsp baking soda | 1/2 tsp baking powder | 1 tsp salt | Dark chocolate chips",1109.0,3.6,27.0,15.9,1.8,3.75,102.9,0.0,0.0,0.0,1214.0,552.75,0.0,50,True,False,True,False,False,True,True,True,False,False,False,False
"Barnyard Millet, Chicken and Vegetable Pilaf",Dinner,Monash Recipe,Mixed,"1 cup barnyard millet | 4 1/3 tbsp canola oil | 3/4 tbsp garlic infused oil | 1 cup eggplant, 1cm dice | 1 cup red capsicum, 1 cm dice | 2/3 cup tindora/ivy gourd (frozen, defrosted and drained). The gourds should be quartered lengthwise | 2 stalks curry leaves stripped off the stalk | 1 tbsp garam masala | 1 tsp turmeric | 1/2 tsp red chilli flakes | 1 tsp pepper, cacked black (to taste) | 1/2 tsp salt (to taste) | Chicken thigh, skinless and boned, 1cm dice (1 cup) | Water | 1 1/4 tsp vegetable stock powder | 1/2 cup spring onion greens | Coriander leaves for serving | Fresh lemon wedges to serve",1700.0,16.8,35.0,22.3,10.1,3.0,200.0,1.0,1.0,2.0,300.0,400.0,80.0,50,False,False,False,True,False,False,True,False,False,False,False,False
Maple granola,Breakfast,Monash Recipe,Mixed,1/2 cup almonds | 1 1/2 cups rolled oats | 1/2 cup buckwheat kernels | 1/4 cup linseeds/flaxseeds | 1/4 cup sunflower seeds | 1/4 cup chia seeds | 1/4 cup pepitas | 1/2 tbsp ground cinnamon | 1/4 cup maple syrup | 1/4 cup coconut oil | 2 tbsp extra virgin olive oil | 30g natural peanut butter | 1 tsp vanilla essence,746.0,5.0,12.0,12.0,3.0,3.0,200.0,1.0,1.0,2.0,300.0,400.0,80.0,50,True,False,True,False,False,True,False,True,False,True,False,False
Pumpkin hummus,Lunch,Monash Recipe,Mixed,"Kent/jarrahdale pumpkin, peeled and cut into 2cm cubes | 2 tbs tahini | 2 tbs garlic infused olive oil | 1 tsp cumin | 1 tbs natural or greek yoghurt | 1 tbs lemon juice | 1 tsp sea salt",616.0,3.46,7.68,10.81,3.13,3.0,200.0,1.0,1.0,2.0,300.0,400.0,80.0,50,True,False,True,False,False,True,False,False,False,False,False,False
South Indian Avial Curry,Dinner,Monash Recipe,Mixed,"Bean, cluster/guar | Bean, Indian valor | Drumstick, moringa | Gourd, Ivy/Tindora | Yam | Potato, 1 medium | Green chillies (2-3 as per taste) | Fresh coconut | Curry leaves (3-4 leaves) | Red chilli (whole, 1-2) | Cumin seeds | Mustard seeds | Turmeric powder | Salt (or as per taste) | Lactose free natural yoghurt/curd | Coconut oil",2075.6,7.7,26.4,37.5,4.0,5.55,205.65,0.0,0.0,0.0,2010.1,1195.17,0.0,50,True,False,True,False,False,True,False,False,False,False,False,False
Paneer Butter Masala,Lunch,Monash Recipe,Mixed,"Paneer cheese | Tomato, diced | fresh ginger | green chillies (as per taste) | cumin seeds | Cardamom pod, black | cinnamon stick | salt | red chilli powder (as per taste) | turmeric powder | garam masala powder | dried fenugreek leaves | peanuts | oil/clarified butter (ghee) | fresh cream (lactose free if required) - optional | Fresh coriander leaves, chopped (to garnish)",1963.0,17.55,7.71,40.21,5.0,5.81,422.5,0.0,0.0,0.0,15530.75,943.83,0.0,50,True,False,True,False,False,True,False,False,False,False,False,False
Miso Salmon - Recipe by Gourmend Foods,Dinner,Monash Recipe,Mixed,"1 large piece salmon, or 3 small fillets if preferred | miso paste | rice vinegar | soy sauce | pure maple syrup | Gourmend garlic scape powder | Salt and pepper, to taste",1557.0,32.3,4.0,26.0,0.3,4.3,56.8,0.0,0.0,0.0,3250.0,1042.5,0.0,50,False,False,True,False,True,False,False,False,True,False,False,False
Slow cooked herby roast chicken,Dinner,Monash Recipe,Mixed,,,,,,,1.11,29.0,0.0,0.0,1.01,112.0,270.25,47.0,50,True,True,True,False,False,False,False,False,False,False,False,False
Chicken Ramen Noodle Soup,Dinner,Monash Recipe,Mixed,"chicken breast fillets | garlic infused olive oil | sesame oil | fresh ginger, minced | soy sauce | rice wine vinegar | white sugar | low FODMAP chicken stock | bok choy, separated into pieces | eggs | green spring onion tops, finely chopped | Dry rice noodles or soba noodles | Salt and pepper, to taste",2427.0,54.5,46.0,18.5,2.5,4.72,108.55,0.88,1.0,1.4,2544.2,874.83,0.0,50,False,False,False,True,False,False,True,False,True,False,False,False
Tomatillo Salsa Verde,Lunch,Monash Recipe,Mixed,,,,,,,1.11,29.0,0.0,0.0,1.01,112.0,270.25,47.0,50,True,True,True,False,False,False,False,False,False,False,False,False
Lemon & Blueberry Cheesecake Slice,Lunch,Monash Recipe,Mixed,"Sweet plain biscuits (e.g. Arrowroot biscuit) | tbsp butter, melted | 1 packet of reduced fat cream cheese (lactose free if required) | 3/4 cup plain lactose free yoghurt | ⅓ cup caster sugar | tbsp lemon juice | Zest of 1 lemon | 1 tsp vanilla extract | Cornflour (corn starch) | 2 egg whites | 1 cup fresh blueberries or raspberries (can use froze)",791.0,6.2,20.4,8.7,1.0,1.0,41.8,0.0,0.0,0.0,294.8,428.5,0.0,50,True,False,True,False,False,True,True,True,False,False,False,False
Creamy Potato Bake with Manchego Cheese & Jalapeños,Lunch,Monash Recipe,Mixed,"3 large washed potatoes, scrubbed, sliced 3mm thick (a mandolin is useful) | ¾ cup low fat milk (lactose free if required) | ⅔ cup thickened cream | 1 tbsp Dijon mustard | ⅔ tbsp garlic infused oil | salt (to taste, see tip below) | ½ tsp cracked black pepper (to taste) | ½ cup green onion tops, finely sliced | 1 tsp smoked paprika | ½ tsp dried oregano flakes | ¼ cup pickled jalapenos, finely sliced (optional) | ½ cup finely crumbled or grated Manchego cheese + ⅓ cup for the topping | Olive oil spray for the baking dish",1210.0,8.3,22.7,18.9,2.2,3.0,200.0,1.0,1.0,2.0,300.0,400.0,80.0,50,True,False,True,False,False,True,False,False,False,False,False,False
Warm Chicken and Roast vegetable salad,Dinner,Monash Recipe,Mixed,"2 medium chicken breast cut into 1½ cm strips, lightly oiled and seasoned to taste | 1/2 large red capsicum, ends trimmed and deseeded, 1½ cm strips, lightly oiled | 1 large green capsicum, ends trimmed and deseeded, 1½ cm strips, lightly oiled | 1 small zucchini, 1 cm slices, lightly oiled | 8 medium cherry tomatoes, halved | 4 loosely packed cups curly endive, washed, dried and ripped into short sections | 1 loosely packed cup basil leaves | apple cider vinaigrette* (see link in hints) | 1 Tbsp Dijon mustard (optional) | ½ cup lightly roasted walnuts halves | 4 x thick slices haloumi, sliced 1½ cm/0.6 inch | olive oil spray for bbq&#x27;d ingredients and chicken | 4 chunky wedges of lemon or lime",1879.0,40.8,12.5,25.7,5.4,3.0,200.0,1.0,1.0,2.0,300.0,400.0,80.0,50,False,False,False,True,False,False,False,False,False,True,False,False
Mustard Mayo Chicken Salad,Dinner,Monash Recipe,Mixed,"Chicken breast | Tbsp olive oil | 2 medium potatoes | 2 small radishes | 1 small cucumber | 2 medium tomatoes | 2 packed cups of baby spinach | Tbsp mayonnaise (recipe below) | 2 tsp wholegrain mustard | 2 tsp lemon juice | ½ tsp pure maple syrup | Salt and pepper, to season",1070.0,13.8,20.5,13.1,4.4,1.46,10.1,7.18,0.5,0.0,874.0,259.75,0.0,50,False,False,False,True,False,False,False,False,False,False,False,False
Zesty Moroccan Chicken & Roast Vegetable Salad with Quinoa,Dinner,Monash Recipe,Mixed,"1 cup kent pumpkin, diced | 2 small carrots, diced | 2 medium green capsicum, diced | 1 medium zucchini, diced | tbsp extra virgin olive oil | ½ cup uncooked quinoa, rinsed | 1 cup water | 1 tsp turmeric | Skinless chicken breast, diced | 1 tsp extra virgin olive oil | ½ cup canned chickpeas, drained and rinsed | 5 cups baby spinach leaves, washed | tbsp Moroccan spice mix (see below) | Moroccan spice mix: | 5 tsp ground nutmeg | 5 tsp ground cumin | 5 tsp ground coriander | 2½ tsp allspice | 2½ tsp ground ginger | 1¼ tsp black pepper | 1¼ tsp cinnamon | Dressing: | 1 tsp. smoked paprika* | 1 orange, zest and juice | Tbsp extra virgin olive oil",1525.0,30.75,23.47,14.66,9.78,0.42,0.0,7.18,0.0,0.0,140.8,268.0,0.0,50,False,False,False,True,False,False,False,False,False,False,False,False
Nicoise Salad with tuna,Dinner,Monash Recipe,Mixed,"Green beans halved lengthways | 1 boiled potato, chopped | 1 cup butter lettuce, leaves shredded | 3 cherry tomatoes | Tbsp black/green pitted olives, halved | 1 anchovy fillet (marinated in oil and salt only), drained and chopped | 1 can tuna in oil | ½ tsp mustard | Rice wine vinegar | 1 hard-boiled egg, halved",2300.0,36.2,34.0,28.7,8.8,3.0,200.0,1.0,1.0,2.0,300.0,400.0,80.0,50,False,False,True,False,True,True,True,False,False,False,False,False
Panzanella Salad,Dinner,Monash Recipe,Mixed,"4 slices sourdough Spelt bread* | ⅓ cup extra virgin olive oil | Cherry tomatoes, halved | Pitted kalamata olives, halved | ½ cup torn basil leaves | tbsp balsamic vinegar",1519.0,5.3,24.5,26.0,7.8,0.56,16.6,0.0,0.0,0.0,51.5,186.0,0.0,50,True,True,True,False,False,False,False,True,False,False,False,False
Japanese inspired Salad with Salmon & Miso Dressing,Dinner,Monash Recipe,Mixed,"Hot smoked salmon (or cooked fresh salmon), flaked apart | Vermicelli rice noodles, cooked and drained | 1 baby cos (romaine) lettuce, finely shredded | 1 small avocado, thinly sliced | ¼ small red cabbage, finely shredded | 2 large carrot, grated or finely julienned | Firm tofu, cooked to your liking | 1 cup small broccoli florets, blanched | Tbsp black sesame seeds | Dressing: | Tbsp miso paste | Tbsp rice wine vinegar | Tbsp lime juice | ½ tsp fresh ginger, finely grated | Tbsp dark sesame oil | Tbsp garlic-infused olive oil | Tbsp plain yoghurt",2318.0,29.8,26.2,35.6,7.7,1.49,134.2,0.0,0.0,0.0,8.2,132.0,0.0,50,False,False,True,False,True,True,False,False,True,False,False,False
Muesli Bars,Lunch,Monash Recipe,Mixed,1 cup rolled oats | ½ cup sunflower seeds | ½ cup pumpkin seeds | ½ cup sesame seeds | Tbsp flax seeds | 1 cup desiccated coconut | 1 tsp ground cinnamon | Olive oil spread | ½ cup rice malt syrup,785.0,4.1,9.9,14.7,3.3,1.96,37.0,0.0,0.0,0.0,106.0,183.0,0.0,50,True,True,True,False,False,False,False,False,False,False,False,False
Savoury Muffin,Breakfast,Monash Recipe,Mixed,"1 ¼ cup tapioca flour | 1 ¼ cup maize flour | 5¼ tsp baking powder | 1¾ tsp xanthan gum | ¾ cup oat bran | 3 eggs | ¾ cup cream | ¾ cup milk, low fat, lactose free milk | 1 cup feta cheese, crumbled | 1 cup capsicum, red, finely diced | ¾ cup basil leaves (roughly chopped) | Grated cheese for top of each muffin | Paprika, to top each muffin",1104.0,5.4,36.0,10.8,1.3,3.0,200.0,1.0,1.0,2.0,300.0,400.0,80.0,50,True,False,True,False,False,True,True,True,False,False,False,False
Vegan Roasted Chickpea & Vegetable Bowl with Peanut Cream,Lunch,Monash Recipe,Mixed,"1 cup raw, unsalted peanuts, soaked | ¼ cup soy sauce | ½ tsp chilli paste | ½ tsp white vinegar | 1 tsp white sugar | 2 tsp crushed ginger | Water, for thinning | ¼ cup coriander, minced | 1 cup green beans | ½ cup red capsicum | 1 cup broccoli florets, chopped | 2 large carrots | 2 tsp garlic infused olive oil | ¼ tsp black pepper | Tbsp sesame seeds | 1 cup canned chickpeas, drained and rinsed | 2 cups quinoa or brown rice, to serve | Low FODMAP sprouts (e.g. bean sprouts, alfalfa), to serve",1957.0,18.7,39.6,24.4,10.0,0.45,19.25,0.0,0.0,0.0,580.25,0.0,0.0,50,True,True,True,False,False,False,False,False,True,False,False,False
Vegan Coconut & Pumpkin Curry with Roasted Chickpeas,Dinner,Monash Recipe,Mixed,"Japanese pumpkin or sweet potato, chopped in 1-2cm chunks | 2 large carrots, roughly chopped | Eggplant, chopped into 2cm pieces | ½ bunch fresh coriander | tbsp olive oil | 3/4 cup canned chickpeas in water, rinsed | tbsp olive oil | ¼ tsp chilli flakes | 1½ tsp ground coriander | 1 tsp ground turmeric | 1 tsp ground cumin | 2 tsp crushed ginger | tbsp garlic infused olive oil | ½ cup spring onion, green tips only | canned coconut milk | 1 low FODMAP vegetable stock cube - dissolved in 250ml water | 1 dried bay leaf | tbsp soy sauce | tbsp tomato paste | 1 lime, zest and juice | 2 tsp cornflour | 1 tsp sugar | 1 ½ cups white rice, cooked",1970.0,8.4,38.9,29.5,8.0,1.59,55.45,14.37,1.0,0.0,1114.6,719.5,0.0,50,True,False,True,False,False,True,True,True,True,False,False,False
Maple & Orange Glazed Baby Carrots,Lunch,Monash Recipe,Mixed,"Tbsp butter, salted | 16 medium sized baby carrots, trimmed and scrubbed | ⅓ cup pure maple syrup | ½ cup freshly squeezed orange juice | 1 tsp orange zest | ½ tsp salt | ½ tsp cracked black pepper | Tbsp mustard (optional) | Tbsp chopped herbs of your choice e.g. thyme, parsley, chives or basil",1005.0,5.4,24.0,12.9,7.5,0.64,17.0,0.0,0.0,0.0,252.2,274.0,0.0,50,True,False,True,False,False,True,False,False,False,False,False,False
Hot & Sour Asian Soup,Dinner,Monash Recipe,Mixed,"1 fresh red chilli | 2½ tsp crushed ginger | tbsp garlic infused olive oil | 1 can of champignon mushrooms in brine | 2 tsp sesame oil | 1 can of bamboo shoots | tbsp soy sauce | tbsp rice wine vinegar | 2 tsp balsamic vinegar | 2 tsp maple syrup or brown sugar | Low FODMAP vegetable stock | tbsp cornflour | Fresh edamame beans | Firm tofu | Salt and pepper, to season",1070.0,15.4,15.7,13.5,6.6,1.18,36.8,0.0,0.0,0.0,1514.8,425.0,0.0,50,True,True,True,False,False,False,False,True,True,False,False,True
Vegetable Muffins,Breakfast,Monash Recipe,Mixed,"1 red capsicum | 2 tomatoes | 1 bunch basil leaves, chopped | 1 bunch spring onions, green tops only | 10 eggs | ½ cup grated hard cheese (e.g. cheddar) | ½ tsp salt",376.4,7.5,2.6,5.8,0.6,3.0,200.0,1.0,1.0,2.0,300.0,400.0,80.0,50,True,False,True,False,False,True,True,False,False,False,False,False
"Turkey, Brie & Cranberry Filo Pastries",Lunch,Monash Recipe,Mixed,"1¾ cups cooked turkey, skinless, finely chopped | Brie cheese, cut into small cubes | tbsp cranberry sauce (recipe below) | tbsp mayonnaise (recipe below) | ¾ cup chives, finely chopped | ¾ cup roasted walnuts, finely chopped | 10 sheets filo pastry | Olive oil spray",1130.0,15.9,18.6,14.5,1.5,3.0,200.0,1.0,1.0,2.0,300.0,400.0,80.0,50,False,False,False,True,False,True,False,False,False,True,False,False
Pumpkin & Zucchini Savoury Slice,Lunch,Monash Recipe,Mixed,"2 tsp garlic infused olive oil | Japanese pumpkin, grated | 5 eggs | 2 egg whites | ¼ cup gluten-free plain flour | ½ cup reduced fat ricotta | Zucchini, grated, moisture removed | Tbsp fresh chives, chopped | Tbsp fresh continental parsley, chopped | ½ bunch spring onions, green tops only | Punnet cherry tomatoes, halved | ½ cup reduced-fat tasty cheese, grated | Balsamic glaze, to serve (check ingredients to ensure contains no high FODMAP ingredients such as honey)",505.0,7.6,7.8,6.2,1.7,1.8,49.73,0.0,0.0,0.0,734.2,437.1,0.0,50,True,False,True,False,False,True,True,True,False,False,False,False
Peanut Butter Energy Bars,Lunch,Monash Recipe,Mixed,"½ cup natural peanut butter (no added sugar or salt) | ½ cup maple syrup | 1 cup rolled oats, lightly toasted | ½ cup puffed brown rice | ½ cup quinoa flakes | ½ cup almonds, lightly toasted, chopped | ¼ cup dried cranberries, chopped | ¼ cup dried banana, chopped | tbsp coconut flakes, lightly toasted | tbsp chia seeds | tbsp sunflower seeds",907.0,6.3,19.5,12.3,3.6,2.61,124.5,0.0,0.0,0.0,933.9,395.25,0.0,50,True,False,True,False,False,True,False,False,False,True,False,False
"Oat, Cranberry & Choc Chip Energy Balls",Breakfast,Monash Recipe,Mixed,1 cup rolled oats | ½ cup dried cranberries | ¼ cup peanut butter | Tbsp maple syrup | ½ cup puffed quinoa | Tbsp mini dark chocolate chips,464.0,2.5,14.5,4.4,1.6,0.0,0.0,0.0,0.0,3.5,10.25,266.5,27.0,50,True,False,True,False,False,True,False,False,False,False,False,False
Vegan Banana & Dark Chocolate Doughnuts,Lunch,Monash Recipe,Mixed,"Buckwheat flour | 1 tsp baking powder | 2 tsp pea protein powder | tbsp chia seeds | tbsp warm water | tbsp brown sugar or stevia powder | 1 small banana | tbsp cocoa powder | 1 tsp ground cinnamon | 70% dark chocolate chips, optional | Glaze optional: | tbsp icing sugar | 2 tsp cocoa powder | ½ tsp liquid (water, milk or lemon juice)",698.0,4.9,25.5,4.7,3.5,1.95,35.5,0.0,0.0,0.0,673.5,233.0,0.0,50,True,False,True,False,False,True,False,True,False,False,False,False
Apple Cider Vinaigrette,Lunch,Monash Recipe,Mixed,"⅓ cup olive oil | ⅓ cup garlic-infused olive oil | ⅓ cup apple cider vinegar | 1 tsp sugar | Salt and pepper, to taste | Herbs of your choice, optional",205.7,0.0,0.2,5.4,0.0,3.12,20.0,0.0,0.0,0.0,735.8,617.5,0.0,50,True,True,True,False,False,False,False,False,False,False,False,False
Carrot & Cumin Dip,Lunch,Monash Recipe,Mixed,"Carrots, peeled, coarsely chopped | tbsp garlic-infused olive oil | 1 tsp cumin | Salt and pepper, to season",447.2,1.1,6.8,7.7,5.0,3.87,50.8,0.0,0.0,0.0,940.2,843.5,0.0,50,True,True,True,False,False,False,False,False,False,False,False,False
Carrot & Pepita Dip,Lunch,Monash Recipe,Mixed,"4 extra-large carrots, peeled | Olive oil spray | tbsp balsamic vinegar | ½ cup feta cheese, crumbled | 3 tsp curry powder | ¼ cup mix of olive oil and garlic-infused olive oil | ½ cup pepitas (pumpkin seeds) or low FODMAP nuts (e.g. macadamia nuts) | ½ cup water + more if required | Salt and pepper, to season",449.0,3.2,3.8,8.2,3.1,3.12,20.0,0.0,0.0,0.0,752.3,617.5,0.0,50,True,False,True,False,False,True,False,False,False,True,False,False
Mayonnaise,Lunch,Monash Recipe,Mixed,"1 large egg yolk | Tbsp lemon juice or white wine vigegar | 1 cup neutral flavoured oil (e.g. grapeseed, rice bran, sunflower, canola or light olive oil) | ¼ tsp sugar | ¼ tsp salt | ¼ tsp pepper | Tbsp water, as required",624.0,0.2,0.1,16.6,0.1,0.45,19.25,0.0,0.0,0.0,580.25,0.0,0.0,50,True,False,True,False,False,False,True,False,False,False,False,False
Roasted Red Pepper & Pumpkin Hummus,Lunch,Monash Recipe,Mixed,"Canned chickpeas | 1 large capsicum | Japanese (Kabocha) pumpkin (spaghetti squash or butternut pumpkin – see buying tips) | Tbsp olive oil | Tbsp garlic-infused olive oil | Tbsp water | Tbsp lemon juice | 1½ tsp ground cumin | Salt and pepper, to season | Dry chilli flakes, to taste, optional",286.6,2.3,5.8,3.6,1.6,4.46,68.65,7.18,0.5,0.0,1731.85,1031.75,0.0,50,True,False,True,False,False,True,False,False,False,False,False,False
Tomato Chutney,Lunch,Monash Recipe,Mixed,"10 large ripe roma tomatoes, cores removed and diced | 2 cups spring onions, green tops only, finely sliced | 1 large eggplant, diced | 1 cup soft brown sugar | ½ cup apple cider vinegar | 3 tsp salt | Tbsp garlic-infused olive oil | 1 tsp dried chilli flakes, optional",134.0,0.5,6.0,0.7,0.3,3.0,200.0,1.0,1.0,2.0,300.0,400.0,80.0,50,True,False,True,False,False,False,True,False,False,False,False,False
Festive Thanksgiving or Christmas Stuffing,Lunch,Monash Recipe,Mixed,"½ cup butter, salted | 10 slices low FODMAP bread, torn into small pieces | ½ cup olive oil | 3 tsp garlic-infused olive oil | Turkey mince | 1 cup spring onion, green tops only | 1/2 fennel bulb, finely diced | 1 eggplant, finely diced | 2 tsp low FODMAP chicken stock powder | 1 tsp ground black pepper | Dry white wine | Parsley, finely chopped | tbsp fresh sage, chopped | tbsp thyme leaves, finely chopped | 3 eggs, lightly beaten | 1 cup water (you might need extra to moisten the stuffing prior to cooking)",1980.0,22.7,25.0,29.9,2.8,3.0,200.0,1.0,1.0,2.0,300.0,400.0,80.0,50,False,False,False,True,False,True,True,True,False,False,False,False
Tzatziki Dip,Lunch,Monash Recipe,Mixed,"Plain Greek yoghurt (Lactose free if required) | 3 cucumbers, finely chopped | tbsp garlic infused olive oil | tbsp dried mint flakes",96.2,1.2,1.1,1.4,0.1,3.0,200.0,1.0,1.0,2.0,300.0,400.0,80.0,50,True,False,True,False,False,True,False,False,False,False,False,False
"Banana, Hazelnut & Seed Biscuits",Lunch,Monash Recipe,Mixed,"1 medium banana | ½ cup hazelnuts, chopped | 2 dates, diced | Dried cranberries | ¼ cup sunflower seeds | tbsp peanut butter | Desiccated coconut | tbsp chia seeds | Rolled oats | 1 tsp vanilla essence",557.0,3.5,9.5,8.6,2.9,9.63,327.5,0.0,0.0,0.0,1058.5,975.67,80.0,50,True,False,True,False,False,True,False,False,False,True,False,False
Kale Chips,Lunch,Monash Recipe,Mixed,"1 bunch kale | Tbsp olive oil | Tbsp pecorino cheese, finely grated | Sea salt and pepper, to season",283.2,2.2,1.5,5.7,1.5,0.54,4.6,7.18,0.5,0.0,373.2,259.75,0.0,50,True,False,True,False,False,True,False,False,False,False,False,False
Mixed Berry & Yoghurt Granola Bar,Breakfast,Monash Recipe,Mixed,"2 cups rolled oats | ¼ cup finely shredded coconut | tbsp macadamia nut meal | tbsp chia seeds | 1 egg white | tbsp peanut oil | ¼ cup pure maple syrup | Mixed berries | Plain greek/natural yoghurt | White chocolate melts, melted",747.5,3.9,18.5,9.5,2.8,1.95,35.5,0.0,0.0,0.0,683.5,233.0,0.0,50,True,False,True,False,False,True,True,False,False,True,False,False
Roasted Polenta Bites with Cheese & Herbs,Lunch,Monash Recipe,Mixed,"1 cup polenta | ½ cup grated hard cheese e.g. Pecorino | tbsp fresh rosemary, chopped finely | Olive oil spray",675.0,6.0,24.0,4.0,1.0,1.48,51.0,0.0,0.0,0.0,469.8,268.0,0.0,50,True,False,True,False,False,True,False,False,False,False,False,False
Roasted Zucchinis with Haloumi & Tomatoes,Lunch,Monash Recipe,Mixed,"2 medium zucchinis, topped and tailed, cut in half lengthwise | Olive oil spray | Cracked pepper, to season | tbsp grated halloumi cheese | 4 medium cherry tomatoes, quartered | Paprika, to serve | Fresh basil leaves, to serve | Lemon juice, to serve",98.6,1.9,1.8,5.7,1.3,1.95,58.73,0.0,0.0,0.0,1135.6,1606.5,0.0,50,True,False,True,False,False,True,False,False,False,False,False,False
Shredded Chicken Salad with Creamy Japanese Style Dressing,Dinner,Monash Recipe,Mixed,"4 slices lean, short cut bacon | Fresh ginger, peeled and finely cut into matchsticks | tbsp soy sauce | tbsp tahini | tbsp miso paste | 2 tsp fish sauce | ¾ tsp sesame oil | 1 tsp white sugar | tbsp lemon juice | ½ cup whole egg mayonnaise (if store-bought, check that no onion or garlic added) | Salt and pepper, to season | 1 small BBQ (Rotisserie) chicken, skin and stuffing removed and shredded | 4 cups shredded cos or Iceberg lettuce | tbsp chives, chopped | Toasted sesame seeds for serving",2294.0,47.0,3.4,38.2,2.8,3.41,131.0,0.0,0.0,0.0,2483.0,1118.75,0.0,50,False,False,False,True,True,False,True,False,True,False,False,True
Spiced Snapper with BBQ Corn & Pineapple Dressing,Lunch,Monash Recipe,Mixed,"2 corn cobs, husks and silk removed | 2 tsp ground turmeric | 1 tsp curry powder | Tbsp canola oil | 4 snapper fillets (skin on) | 1 lemon, quartered | Steamed white long-grain rice, to serve | Fresh pineapple, peeled, finely diced | 1 spring onion, green tips only, thinly sliced | 1 green capsicum, finely diced | 1 green chilli, seeded, finely chopped | Tbsp lemon juice",1683.0,36.0,46.0,7.7,6.8,0.34,29.2,0.0,0.0,0.0,1428.4,352.0,0.0,50,True,True,True,False,False,False,False,False,False,False,False,False
Sri Lankan Beef Curry,Dinner,Monash Recipe,Mixed,Tbsp canola oil | Lean beef (stewing cuts cut into 1 inch cubes) | 2 tsp salt | 1 tsp cracked black pepper | Tbsp Sri Lankan curry powder (see below) | 1 tsp turmeric powder | Tbsp grated ginger | 2 red large chillis | 7 stalks curry leaves | 6 x 5cm lengths pandan (rampe) | 4 stalks lemongrass | Tbsp vinegar | Coconut milk | Sri Lankan Roasted Curry Powder: | Coriander seeds | Cumin seeds | Fennel seeds | Black peppercorns | 2 cloves | 8 cardamon pods | Sri Lankan cinnamon | 2 tsp black/brown mustard seeds | 4 stalks fresh or dried curry leaves | 1 stalk pandan (rampe),3288.0,45.4,14.2,60.0,9.0,0.27,3.0,0.0,0.0,0.0,1122.0,317.5,0.0,50,False,False,False,True,False,True,False,False,False,False,False,False
Sticky Chinese Chicken Wings,Dinner,Monash Recipe,Mixed,"Chicken wings | 1 tsp sesame oil | tbsp rice wine vinegar | tbsp brown sugar | tbsp soy sauce | ¼ cup tomato paste | tbsp oyster sauce | tbsp garlic-infused olive oil | ½ tsp Chinese five spice | tbsp spring onion, green tips only | 2 tsp sesame seeds, toasted | tbsp fresh coriander | ½ mild red chilli (deseeded &amp;amp; finely sliced)",3065.0,69.5,10.8,45.9,1.0,24.88,235.2,2.14,4.0,6.7,2347.0,764.0,107.0,50,False,False,False,True,False,False,False,False,True,False,False,False
Stir-fried Beef with Oyster Sauce & Rice Noodles,Dinner,Monash Recipe,Mixed,"Lean beef | tbsp oyster sauce | tbsp sesame oil | tbsp soy sauce | tbsp peanut oil | 4 spring onions, green tops only, chopped | 1 carrot, cut lengthways and cut into strips | Oyster mushrooms, roughly chopped | ½ green capsicum, deseeded and cut into strips | Rice noodles | 1 low FODMAP stock cube | 2 cups baby spinach leaves OR 1 small bunch of baby bok choy | ½ bunch coriander, washed and chopped | Salt and pepper, to season",3142.8,35.3,71.3,33.3,7.2,1.83,59.55,0.0,0.0,0.0,1723.0,475.0,0.0,50,False,False,False,True,False,False,False,False,True,False,False,False
Thai Green Chicken Curry,Dinner,Monash Recipe,Mixed,"CURRY PASTE | 1 tsp finely chopped, well-washed coriander roots | 1 tsp coriander powder | ½ tsp cumin powder | ½ tsp black pepper powder | ½ tsp turmeric powder | 1 tsp galangal | 1 tsp minced or grated ginger | 3 shredded kaffir lime leaves (fresh or dried) | Tbsp minced lemongrass (¼ large trimmed stalk) | 1 tsp salt | 2 tsp brown or palm sugar | ¼ tsp shrimp paste | ½ minced long green large chillies (hot or mild) | Tbsp canola oil | CURRY INGREDIENTS | Chicken thighs, fat, skin and sinew removed and cut into thin strips | 5 kaffir lime leaves (fresh or dried) ripped into pieces | 1 eggplant, 1cm diced | 2 cups coconut milk | Tbsp fish sauce | 1 tsp brown or palm sugar | ½ bunch Thai basil leaves",1846.0,33.2,5.5,31.4,2.0,1.38,26.6,0.0,0.0,0.0,3118.0,0.0,0.0,50,False,False,False,True,True,True,True,False,False,False,True,False
Tuna & Sweet Potato Patties,Lunch,Monash Recipe,Mixed,"Sweet potato, peeled and diced | Kent/Japanese/Kabocha pumpkin, peeled and diced | 1 tin tuna/salmon, drained | 1 egg, lightly beaten | 1 cup gluten-free bread crumbs | ½ cup reduced-fat grated tasty cheese | 1 small carrot, grated | 2 spring onions, green tops only, finely sliced | Tbsp Plain gluten-free flour | Tbsp sesame seeds | Olive oil spray",1574.0,20.0,34.0,16.0,5.0,2.17,44.4,0.0,0.0,0.0,618.0,273.0,0.0,50,False,False,True,False,True,True,True,True,False,False,False,False
Turkey Roulade with Herb & Nut Stuffing,Lunch,Monash Recipe,Mixed,"4 large, skinless turkey breasts or chicken breasts | Long, very thin slices of pancetta (rind and as much fat as possible removed) | 8 slices (2cm x10cm) red capsicum, charred and skinned | Olive oil spray | 5 bacon rashers, rind and fat removed, finely diced | tbsp butter or margarine | 1 cup spring onion, green tops only, finely sliced | 1 tsp cracked black pepper | 1⅔ cup gluten-free bread crumbs | Macadamia nuts, roasted and roughly chopped | tbsp thyme leaves, finely chopped | ½ bunch parsley leaves and upper stems, finely chopped | 3 eggs",2724.0,63.3,10.5,39.6,2.8,3.39,35.75,0.0,0.0,0.0,904.8,203.0,0.0,50,False,False,False,True,False,True,True,True,False,True,False,True
Vegetable Frittata,Lunch,Monash Recipe,Mixed,"½ medium sweet potato, cubed | tbsp olive oil | 1 tsp paprika | 3 spring onions, green tops only, sliced | Broccoli florets, chopped | 1 zucchini, grated | 5 eggs | tbsp lactose-free milk or other low FODMAP milk alternative | ½ cup mixed herbs e.g. basil and parsley | ¼ cup chives | ¼ cup Danish fetta | Salt and pepper, to taste",1791.0,13.6,11.8,35.0,6.6,1.01,44.2,7.18,0.5,0.0,400.8,546.08,0.0,50,True,False,True,False,False,True,True,False,False,False,False,False
Veggie Burgers,Lunch,Monash Recipe,Mixed,"Cooked potato mashed | ½ cup cooked rice | Gluten-free bread crumbs | 1 medium carrot, grated | ½ small zucchini, grated | Tbsp shaved parmesan cheese (optional) | Tbsp fresh continental parsley | Tbsp fresh coriander | Grated ginger | 1 egg | Tbsp soy sauce (gluten-free)",595.5,5.6,15.8,5.8,2.4,4.23,237.13,0.0,0.0,0.0,10278.4,517.5,0.0,50,True,False,True,False,False,True,True,True,True,False,False,False
Zucchini Pasta with Cabbage & Parmesan Salad,Dinner,Monash Recipe,Mixed,"1 small zucchini, cut into strips like spaghetti | 2 tsp olive oil | ½ clove garlic, sliced | 2 anchovies, sliced | ¼ tsp salt or as desired | tbsp parmesan, grated | 1 cup thinly sliced cabbage (common or red cabbage – see note above) | ⅓ cup grated carrot | 2 tsp parmesan | 2 tsp olive oil | 1 tsp apple cider vinegar | Salt and pepper to taste",709.5,7.1,2.5,14.2,2.0,1.08,121.4,0.0,0.0,0.0,663.6,416.5,0.0,50,True,True,True,False,False,False,False,False,False,False,False,False
Fruit Salad Pavlovas,Dinner,Monash Recipe,Mixed,"3 egg whites, room temperature | Pinch of salt | ¾ cup caster sugar | 2 tsp cornflour | 1 vanilla bean pod | Vanilla flavoured yoghurt (lactose-free if required) | 1 punnet strawberries, top removed and sliced in layers | 4 Kiwi fruits halved and sliced in thin layers | 4 passionfruit, pulp removed | Fresh blueberries | Handful of fresh mint leaves",607.0,3.9,30.8,1.0,3.7,3.31,29.4,0.0,0.0,0.0,54.2,159.0,0.0,50,True,False,True,False,False,True,True,True,False,False,False,False
Hot Cross Buns,Lunch,Monash Recipe,Mixed,"Lactose free milk | 2 sachets dried yeast | tbsp unsalted butter | 2 cups maize flour | Rice flour | Potato flour | 3 tsp xanthan gum | 1 tsp salt | ½ cup caster sugar | 1 large egg | 1 tsp cinnamon | 2 tsp mixed spice | Currents, dried | Cranberries, dried | tbsp extra maize flour | ⅓ cup mixed peel | Cooking spray | tbsp strawberry jam (without high fructose corn syrup) | tbsp water | 1½ cups pure icing sugar, sifted | tbsp butter, melted | ¼ cup milk",1453.0,3.0,67.2,7.6,2.0,1.5,25.5,0.0,0.0,0.0,96.0,1194.5,0.0,50,True,False,True,False,False,True,True,True,False,False,False,False
Herb & Vegetable Rice Pilaf,Dinner,Monash Recipe,Mixed,"tbsp olive oil | tbsp garlic-infused oil | ½ medium eggplant, finely diced | 1 small zucchini, finely diced | ½ red capsicum, finely diced | 1 tsp turmeric powder | 3 tsp curry powder | 2 cups uncooked, white basmati rice | 2¾ cups Massel&#x27;s Monash FODMAP certified beef or vegetable stock | 1½ tsp cracked black pepper | ⅓ cup chives, finely chopped | ⅔ cup basil, roughly chopped | Salt, to taste | Lemon juice, to serve | Greek OR Natural yoghurt (lactose-free if required), to serve",795.8,3.9,30.0,6.7,2.8,0.54,4.6,7.18,0.5,0.0,373.2,259.75,0.0,50,False,False,False,True,False,True,True,False,False,False,False,False
Lemon & Thyme Marinated BBQ Lamb,Lunch,Monash Recipe,Mixed,"4 lamb cutlets | 1 lemon, finely grated zest and juice | ¼ cup olive oil | Tbsp dijon mustard | Tbsp thyme, chopped | 1 small zucchini, thickly sliced lengthways | Salad leaves and lemon wedge, to serve",1849.0,12.6,1.4,43.3,1.0,2.42,76.4,0.0,0.0,0.0,459.4,403.5,0.0,50,False,False,False,True,False,False,False,False,False,False,False,False
Makrut Lime & Lemon Salmon,Dinner,Monash Recipe,Mixed,"1 medium fillet of salmon | ½ lemon, thinly sliced | 1 makrut lime leaf, torn | ½ lemongrass stalk, quartered, bruised | ½ cup coriander",1131.9,36.9,0.7,13.4,0.5,3.0,200.0,1.0,1.0,2.0,300.0,400.0,80.0,50,False,False,True,False,True,False,False,False,False,False,False,False
Marinated Tofu with Asian Greens & Rice,Dinner,Monash Recipe,Mixed,"Firm tofu, cubed | 1 orange, juiced | Tbsp soy sauce | 2 tsp sugar | 2 tsp fresh ginger, minced (optional) | 1 tsp corn flour | Cooking oil, for frying | 2 cups of low FODMAP Asian greens | Sesame seeds and a dash of sesame oil, to garnish",1312.6,16.2,10.0,21.4,10.7,2.67,171.0,0.0,0.0,0.0,1523.0,557.0,0.0,50,True,True,True,False,False,False,False,True,True,False,False,False
Kartoffelknödel - Potato Dumplings,Lunch,Monash Recipe,Mixed,"10 large potatoes | 1 cup gluten free flour | 3 eggs | ⅔ cup gluten free bread crumbs (or quinoa flakes) | 1 tsp salt | ½ tsp ground nutmeg | Water | ½ cup butter | 2 rashers of bacon, diced | ¼ cup bread crumbs or quinoa flakes",1659.0,9.5,57.1,14.9,4.0,0.45,19.25,0.0,0.0,0.0,580.25,0.0,0.0,50,False,False,False,True,False,True,True,True,False,False,False,True
Pulled Pork & Coleslaw,Lunch,Monash Recipe,Mixed,"Pork shoulder or rump | 1/2 Cup Olive Oil | Salt and pepper, to season | 2 tsp smoked paprika | ½ cup fresh mint | 2 fresh chillies (optional) | Tbsp red wine vinegar | ½ common cabbage | ¼ red cabbage | ½ pineapple | 3 carrots | Tbsp mayonnaise | 6 tsp olive oil | ¼ cup red wine vinegar (optional)",2132.0,63.7,5.2,25.2,3.5,4.55,20.0,0.0,0.0,0.0,985.8,1757.5,0.0,50,False,False,False,True,False,False,False,False,False,False,False,True
Salmon & Ricotta Frittata,Dinner,Monash Recipe,Mixed,"6 baby potatoes | Olive oil spray | 8 eggs, lightly beaten | Ricotta | Tbsp parsley, finely chopped | 2 salmon fillets, diced | ½ cup green peas",1382.8,24.2,16.8,18.6,2.3,1.52,118.25,0.0,0.0,0.0,354.6,291.75,7.0,50,False,False,True,False,True,False,True,False,False,False,False,False
Slow Cooked Lamb Casserole,Lunch,Monash Recipe,Mixed,"Lamb, diced | tbsp garlic-infused olive oil | 5 rashers short-cut bacon, diced | tbsp ground coriander | tbsp ground cumin | 1 tsp ground cardamon | ½ cup red wine | ½ cup tomato paste | 1 tin diced tomatoes | 1 tin canned lentils, drained, rinsed | 2 cups Low FODMAP Beef stock | 3 large carrots, diced | Mashed potato, to serve | Parsley, to serve",1877.0,37.1,22.4,21.5,4.6,4.04,193.33,0.0,0.0,0.0,9393.0,269.67,0.0,50,False,False,False,True,False,False,False,False,False,False,False,True
Smoked Salmon & Dill Arancini Balls,Dinner,Monash Recipe,Mixed,"Low FODMAP chicken stock | Dry white wine | tbsp garlic-infused olive oil | tbsp olive oil | Arborio rice | 1 bunch spring onions, green tops only | Green olives, stone removed and finely chopped | ¼ cup corn flour | Cold smoked salmon, finely chopped | Mozzarella cheese, grated | tbsp fresh dill, finely chopped | tbsp horseradish (condiment) | 2 eggs | 1½ cups polenta OR low FODMAP breadcrumbs | Olive oil spray, for baking",1590.0,16.2,36.0,16.5,2.5,4.58,330.87,7.18,0.5,0.0,2910.7,468.5,0.0,50,False,False,False,True,True,True,True,True,False,False,False,False
Shepherd's Pie,Lunch,Monash Recipe,Mixed,"Tbsp olive oil | 8 spring onions, green tops only, finely chopped | Lean beef mince | 2 carrots, sliced lengthways and cut into slices | 1 zucchini, sliced lengthways and cut into slices | Whole, peeled, Roma tomatoes, canned | 2 bay leaves | Tbsp tomato paste | Tbsp Worcestershire sauce | ½ bunch thyme leaves | Low FODMAP chicken stock | 1 green capsicum, deseeded | Salt and pepper, to taste | 8 Waxy potatoes (try Pontiac), sliced | Lactose free milk | Lactose free cream | Tbsp pecorino Cheese",3207.0,46.76,52.57,38.6,10.86,2.32,35.8,7.18,0.5,0.0,746.0,1376.75,0.0,50,False,False,False,True,False,True,False,False,False,False,False,False
Anzac Biscuits,Lunch,Monash Recipe,Mixed,Dairy-free spread OR butter | tbsp golden syrup | ½ cup brown sugar | 1 tbsp boiling water | 1 tsp baking soda | tbsp gluten free plain flour | tbsp dried desiccated coconut | ¾ cup rolled oats | tbsp sunflower seed or pumpkin seeds | 1 tsp chia seeds | tbsp boiling water,594.0,1.2,14.0,9.1,1.0,3.0,200.0,1.0,1.0,2.0,300.0,400.0,80.0,50,True,False,True,False,False,True,False,True,False,False,False,False
Chocolate Pudding,Lunch,Monash Recipe,Mixed,"Dark chocolate | tbsp white sugar | tbsp cornflour | 3 cups soy milk (made from soy protein)* | tbsp unsweetened cocoa powder | ¼ tsp instant coffee (finely ground) | ⅛ tsp ground cinnamon | Frozen raspberries (crushed) | Fresh banana | Dark chocolate, roughly chopped or grated",811.0,1.7,6.0,32.5,2.6,11.28,72.5,0.0,0.0,1.01,146.5,1070.25,47.0,50,True,False,True,False,False,True,False,True,True,False,False,False
Double Chocolate Bliss Balls,Lunch,Monash Recipe,Mixed,"1 cup dry, roasted, unsalted macadamias | ½ cup dried cranberries | tbsp teff seeds, roasted | ¼ cup pure maple syrup | tbsp cacao powder | ¾ tsp pure vanilla extract | ⅓ cup dark chocolate, finely chopped | Extra toasted teff/chia seeds, desiccated coconut or cacao powder (optional)",414.4,1.1,7.4,7.4,0.8,3.0,200.0,1.0,1.0,2.0,300.0,400.0,80.0,50,True,True,True,False,False,False,False,False,False,True,False,False
Orange Gingerbread Loaf,Lunch,Monash Recipe,Mixed,"1½ cups quinoa flour | 1½ cups almond meal | ⅓ cup caster sugar | 1½ tsp bicarbonate soda | ½ tsp salt | 1 tsp ground ginger | 2 large eggs | ¾ cup lactose free yoghurt | ½ cup pumpkin, grated | ¼ cup vegetable oil | ¼ cup rice malt syrup | tbsp orange rind, grated | tbsp fresh orange juice",1247.0,8.4,26.5,17.5,3.2,3.0,200.0,1.0,1.0,2.0,300.0,400.0,80.0,50,True,False,True,False,False,True,True,True,False,True,False,False
Chicken Cacciatore,Dinner,Monash Recipe,Mixed,"tbsp olive OR garlic-infused olive oil | 1 bunch of spring onion green tops, finely sliced | 1 medium eggplant | 2 large carrots | 1 medium celeriac, peeled | 1 medium red capsicum, deseeded | 1 can diced tomato | 1 cup chicken stock or water | 1 tsp dried oregano | 2 sprigs fresh rosemary (1 tsp dried) | 1 tsp raw sugar | 1 tsp cracked black pepper | 1 punnet oyster mushrooms, torn lengthwise into strips | ½ cup pitted olives (e.g. Kalamata), cut into halves | 6 skinless chicken thigh cutlets, bone-in, skin and fat removed | 1½ tsp salt | 1 cup basil or parsley leaves, roughly chopped",1445.0,26.6,13.7,18.2,8.2,3.0,200.0,1.0,1.0,2.0,300.0,400.0,80.0,50,False,False,False,True,False,False,True,False,False,False,False,False
Guacamole,Lunch,Monash Recipe,Mixed,"Reduced-fat cream cheese (lactose-free if required) | 3 medium avocados, deseeded, skinned and mashed | ⅓ cup baby spinach leaves, finely chopped | ½ cup green onion tops, finely chopped | Tbsp coriander leaves, finely chopped | ⅓ cup green capsicum, finely chopped | 2 tsp garlic infused oil | ⅓ cup tomato, diced, finely chopped | Tbsp lime juice | ½ tsp salt (to taste) | ½ tsp cracked black pepper | Chilli, to taste (fresh or dried)",279.0,1.0,0.8,6.6,1.0,0.0,0.0,0.0,0.0,0.0,2.0,0.0,0.0,50,True,False,True,False,False,True,False,False,False,False,False,False
Caprese Salad,Dinner,Monash Recipe,Mixed,"1 punnet of cherry tomatoes (I like to get the little tubs of mixed tomatoes for an interesting alternative and colourful dish) | 8 cherry bocconcini, sliced | ¼ cup torn basil leaves | Salt &amp;amp; pepper, to taste | Extra virgin olive oil, to serve | Balsamic vinegar, to serve",558.0,6.7,2.5,10.6,1.4,0.42,0.0,7.18,0.0,0.0,157.3,268.0,0.0,50,True,True,True,False,False,False,False,False,False,False,False,False
Chickpea & Chicken Salad with Mustard Dressing,Dinner,Monash Recipe,Mixed,"1 cup baby spinach | 1 cup chickpeas, drained | 1 continental cucumber, washed and diced | 1 cup cherry tomatoes, rinsed and halved | 1 cup of lettuce of your choice (we recommend rocket leaves) | Shaved Parmesan cheese | Salt and pepper, to taste | tbsp mustard | tbsp apple cider vinegar | Juice of 1 lemon | ½ cup olive oil | Salt and pepper, to taste",978.0,5.5,8.5,19.0,3.5,232.94,150.4,0.0,0.0,0.0,1638.13,1027.0,0.0,50,True,False,True,False,False,True,False,False,False,False,False,False
Kumquat Jam,Lunch,Monash Recipe,Mixed,Kumquats | 1 cup sugar | ½ Lime | Water,126.3,0.0,7.4,0.0,0.3,0.45,19.25,0.0,0.0,0.0,580.25,0.0,0.0,50,True,True,True,False,False,False,False,False,False,False,False,False
Quinoa Breakfast Pudding,Breakfast,Monash Recipe,Mixed,,,,,,,1.11,29.0,0.0,0.0,1.01,112.0,270.25,47.0,50,True,True,True,False,False,False,False,False,False,False,False,False
Quinoa Porridge with Banana & Yoghurt,Breakfast,Monash Recipe,Mixed,"Water | Lactose-free milk (low-fat alternative if tolerating lactose) | Quinoa flakes | ⅓ ripe banana (or 1 unripe, slightly green banana) | Lactose-free yoghurt ( if tolerating dairy opt for a plain low-fat Greek yoghurt) | 1 tsp maple syrup | Sprinkle of cinnamon (optional)",1968.0,19.3,76.4,8.9,6.7,6.15,80.58,0.0,0.0,0.0,589.58,575.0,0.0,50,True,False,True,False,False,True,False,False,False,False,False,False
Scrambled Tofu,Lunch,Monash Recipe,Mixed,Firm tofu | ¼ cup water | 1 tsp soy sauce | ¼ tsp ground turmeric* | ½ cup diced or grated carrot and zucchini | Cooking oil for frying or cooking oil spray,956.8,12.9,2.9,16.7,8.9,1.49,134.2,0.0,0.0,0.0,8.2,132.0,0.0,50,True,True,True,False,False,False,False,False,True,False,False,False
"Spinach, Feta & Pine Nut Omelette",Lunch,Monash Recipe,Mixed,"2 large eggs | tbsp lactose-free milk | Pinch of pepper, to taste | 1 tsp butter | 1 cup baby spinach | ¼ cup crumbled feta cheese | tbsp toasted pine nuts",1412.0,23.7,2.2,25.9,2.2,1.94,65.8,0.0,0.0,0.0,161.2,318.0,0.0,50,True,False,True,False,False,True,True,False,False,False,False,False
Summer Berry Smoothie,Breakfast,Monash Recipe,Mixed,"1 large ripe banana (or 2-3 unripe, slightly green bananas) | 20-30 blueberries | Soy milk (made from soy protein, not whole soy beans) | Vanilla yoghurt (lactose free if required) | Lots of ice",406.0,5.9,10.7,3.3,0.8,3.0,200.0,1.0,1.0,2.0,300.0,400.0,80.0,50,True,False,True,False,False,True,False,False,True,False,False,False
Tropical Millet Porridge,Breakfast,Monash Recipe,Mixed,⅔ cup hulled millet seed | 1⅔ cups water (boiling) | Pinch of salt | ⅔ cup soy protein milk (lactose free milk or almond milk) | 2 tbsp dried shredded coconut | Strawberries | Banana | Pinch of cinnamon | 2 tsp maple syrup,1943.9,11.9,57.7,18.6,10.5,2.61,89.0,0.0,0.0,1.01,255.4,435.92,47.0,50,True,False,True,False,False,True,False,False,True,True,False,False
BBQ Chicken Skewers with Lemon Sauce,Dinner,Monash Recipe,Mixed,"8 wooden skewers | Chicken breast (skinless) | tbsp neutral oil (canola, rice bran, sunflower) | Salt and pepper, to taste | 1 medium zucchini | 1 large red capsicum | ½ cup low FODMAP chicken stock | tbsp lemon juice | 2 tsp lemon zest | 1½ tsp dried rosemary | tbsp golden syrup OR maple syrup | 1½ tsp cornflour | Sprinkle of dried chilli flakes (optional) | Fresh coriander",1298.8,39.4,9.6,12.4,1.7,3.48,44.8,0.0,0.0,0.0,778.4,772.0,0.0,50,False,False,False,True,False,False,False,True,False,False,False,False
Chicken & Gnocchi Pasta Bake,Dinner,Monash Recipe,Mixed,"1 large zucchini, diced | ½ large red capsicum/bell pepper, diced | Jap/Kent pumpkin, diced | 2 tsp garlic infused olive oil | 1 packet gluten-free gnocchi | 1 jar tomato passata (tomato puree) | Baby spinach leaves | 1 large handful fresh basil leaves | Cooked chicken breast, shredded | 2 tsp cracked black pepper | ½ cup grated parmesan cheese",1347.0,30.3,32.9,6.8,4.6,3.0,200.0,1.0,1.0,2.0,300.0,400.0,80.0,50,False,False,False,True,False,True,False,False,False,False,False,False
Pad Thai,Lunch,Monash Recipe,Mixed,"¼ cup soy sauce | tbsp maple syrup | tbsp peanut butter | ¼ cup lime juice | 1 tsp fish sauce (substitute with more soy sauce if vegetarian) | Rice noodles | tbsp garlic infused olive oil | 2 chicken breasts, cubed (use 200g firm tofu for a vegetarian option) | 2 eggs, whisked | 2 tsp fresh ginger, grated | 1 chilli, finely sliced | 2 zucchinis, made into veggie noodles using a spiraliser | 1 carrot, made into veggie noodles using a spiraliser | 1 cup bean sprouts | ½ bunch spring onion, green section only, chopped | 1 cup coriander leaves | Crushed peanuts, extra bean sprouts and 1 lime, to serve",1455.8,25.2,22.6,16.2,4.2,3.06,80.95,0.0,0.0,3.5,539.05,464.5,107.0,50,False,False,False,True,True,True,True,False,True,False,False,False
Chilli & Mint Turkey Patties,Lunch,Monash Recipe,Mixed,"Turkey mince | 1 red chilli, finely diced | 1 bunch fresh coriander, chopped | 1 bunch fresh mint, chopped | 1 large egg | 4 Brumby&#x27;s Quinoa and Linseed Low FODMAP rolls | 2 cups baby spinach | Low FODMAP condiments of your choice; e.g. Mayonnaise or Dijon Mustard",2007.0,34.3,35.0,20.9,6.7,3.0,200.0,1.0,1.0,2.0,300.0,400.0,80.0,50,False,False,False,True,False,False,True,False,False,False,False,False
Classic Beef Burger,Dinner,Monash Recipe,Mixed,"Lean beef mince | 1 egg | tbsp olive oil | ½ cup spring onion, top only, finely chopped | ¼ cup of fresh continental parsley, finely chopped | ¼ cup of fresh coriander, finely chopped | tbsp chives | 1 medium-sized carrot, grated | 2 medium-sized button mushrooms*, finely chopped | Cracked pepper | Bread / roll / bun of your choice* | Fresh tomato / lettuce / cucumber | Hard cheese – cheddar / tasty / haloumi | Tomato sauce / BBQ sauce / lemon juice",1596.0,31.9,29.4,14.3,2.6,2.63,48.53,7.18,0.5,0.0,1320.6,1615.25,0.0,50,False,False,False,True,False,True,True,True,False,False,False,False
"Creamy Pasta with Smoked Salmon, Lime & Dill",Dinner,Monash Recipe,Mixed,"1 packet of gluten free pasta | tbsp garlic-infused olive oil | Oyster mushrooms, thinly sliced | 1 lime, zest and juice | Smoked salmon pieces | 4 cups baby spinach | Low FODMAP chicken stock | tbsp cornflour | Full-fat milk (lactose-free if required) | 1 large bunch of dill, finely chopped | Finely grated pecorino cheese, to serve",1875.0,25.3,52.7,15.6,3.9,3.0,200.0,1.0,1.0,2.0,300.0,400.0,80.0,50,False,False,False,True,True,True,False,True,False,False,False,False
Fresh Salmon Fillet with Middle Eastern Vegetable Quinoa,Dinner,Monash Recipe,Mixed,"2 salmon fillets | tbsp olive oil | 1 lemon, juiced | Quinoa white grains | Low FODMAP chicken stock | 2 tsp ground cumin | 1 tsp Coriander seeds | 1 tsp tumeric | tbsp olive oil | 1/3 eggplant, char-grilled and diced | 1 green capsicum, char-grilled and diced | ½ cup zucchini, char-grilled and diced | 1 tsp ginger, finely grated | 1 bunch coriander, washed and chopped | 1 bunch chives, chopped | 1 bunch spring onions, green tops only | 2 lemons, juiced | Salt and pepper, to taste",3312.0,47.7,34.7,49.0,14.6,1.07,9.2,14.37,1.0,0.0,746.4,519.5,0.0,50,False,False,False,True,True,False,True,False,False,False,False,False
Potato Latkes,Lunch,Monash Recipe,Mixed,"Starchy potatoes | 2 small eggs | ¾ cup green spring onion tips, finely chopped | tbsp gluten-free all-purpose flour | 1 tsp salt | ½ tsp freshly ground black pepper | tbsp oil, for frying",1225.6,7.0,39.8,12.2,3.9,1.26,37.8,1.27,0.5,0.0,581.6,282.0,0.0,50,True,False,True,False,False,False,True,True,False,False,False,False
Ground Beef Tortillas,Dinner,Monash Recipe,Mixed,"Premium ground beef (beef mince) | tbsp garlic-infused olive oil | 3 medium carrots, grated | 2 cups fresh kale, finely shredded | 1 can chopped/crushed tomatoes | Low FODMAP beef stock | 2 tsp paprika | 1 tsp ground cumin | 1 tsp dried oregano | 2 tsp Worcestershire sauce | 1 cup green spring onion tips | ½ cup fresh coriander | ⅓ cup buckwheat groats | Salt and pepper, to taste | 8 corn tortilla | 4 cups lettuce | Red Capsicum (Bell Pepper) | Green Capsicum (Bell Pepper) | 1 medium cucumber",2084.0,41.8,33.7,20.5,11.4,3.0,200.0,1.0,1.0,2.0,300.0,400.0,80.0,50,False,False,False,True,False,False,False,True,False,False,False,False
"Ham, Cheese & Spinach Toasted Sandwiches",Breakfast,Monash Recipe,Mixed,4 slices sourdough spelt bread* | tbsp butter | 1 tsp dijon mustard | 2 slices hard cheese | 2 slices leg ham | ½ cup baby spinach,1628.0,18.8,28.2,21.7,2.3,0.64,17.0,0.0,0.0,0.0,252.2,274.0,0.0,50,True,False,True,False,False,True,False,True,False,False,False,True
Berry Frangipane Tart,Lunch,Monash Recipe,Mixed,"Butter, softened | ½ tsp vanilla extract | ⅓ cup caster sugar | 1 egg | ¾ cup almond meal | tbsp gluten-free cornflour | Blueberries (or a mix of low FODMAP berries) | tbsp pure icing sugar",1145.0,4.1,23.5,18.5,1.7,0.64,17.0,0.0,0.0,0.0,252.2,274.0,0.0,50,True,False,True,False,False,True,True,True,False,True,False,False
Gnocchi alla Trapanese,Lunch,Monash Recipe,Mixed,Pepitas (pumpkin seeds) | Basil | tbsp garlic infused olive oil | tbsp extra virgin olive oil | Pecorino cheese | ~10 cherry tomatoes | Green beans | Gluten free gnocchi | 1 lemon | Rocket,2110.0,13.57,65.9,19.3,4.9,3.33,64.45,7.18,1.0,0.0,1877.7,869.8,0.0,50,True,False,True,False,False,True,False,False,False,False,False,False
"Ham, Cheese and Spinach Breakfast Muffins",Breakfast,Monash Recipe,Mixed,"1½ cups corn (maize) flour | ½ cup oat bran | 2¼ tsp baking powder | ½ tsp xanthan gum | ⅓ cup lactose free cream (thickened) | ½ cup lactose-free milk. A little extra if required | 2 large eggs | 1 cup diced, lean good quality ham | ½ cup chives, chopped | ¾ cup low fat, grated cheddar cheese | 1¾ cup baby spinach, roughly chopped | Olive oil spray for muffin cases | Extra ⅓ cup grated, low-fat cheddar cheese | ½ tsp smoked paprika",1337.0,15.07,35.83,11.79,2.69,3.0,200.0,1.0,1.0,2.0,300.0,400.0,80.0,50,True,False,True,False,False,True,True,True,False,False,False,True
Chinese Style Chicken & Creamed Corn Soup,Dinner,Monash Recipe,Mixed,"low FODMAP chicken stock or Monash University Low FODMAP Certified™ chicken stock (salt reduced) | 1 large raw chicken breast, skinless and bone-free | 1 can creamed corn | 3 tsp ginger, fresh, finely chopped or grated | 1 can water chestnuts, sliced, drained | tsp corn (maize) starch | tbsp soy sauce | 2 large eggs, beaten | 3 tsp sesame oil | 1 cup green spring onion top, finely sliced | Extra green tops, fresh chilli, bean shoots and lemon wedges for serving",1324.0,28.9,16.3,13.8,3.9,1.18,36.8,0.0,0.0,0.0,1514.8,425.0,0.0,50,False,False,False,True,False,True,True,False,True,False,False,False
Carrot Cake Porridge,Breakfast,Monash Recipe,Mixed,"1 cup rolled oats | 3 cups of water | 2 medium carrots, grated | 1 tsp cinnamon | tbsp linseeds (flaxseeds) | ¼ cup raisins OR dried cranberries | ¼ cup walnuts (or other low FODMAP nuts you like) | ½ cup milk of your choice | 4 tbsp hemp seeds (optional) | Maple syrup to serve",1213.7,9.6,29.5,14.0,5.6,3.0,200.0,1.0,1.0,2.0,300.0,400.0,80.0,50,True,False,True,False,False,True,False,False,False,True,False,False
Breakfast Tortillas,Breakfast,Monash Recipe,Mixed,"4 corn tortillas^ | 4 eggs | tbsp macadamia dukkah* | 1 cup mozzarella cheese, grated | Natural yoghurt, lactose free if required | 2 medium tomatoes, diced | Parsley or coriander to serve",1600.0,19.3,27.0,20.1,3.4,3.0,200.0,1.0,1.0,2.0,300.0,400.0,80.0,50,True,False,True,False,False,True,True,False,False,True,False,False
Braised Lamb Shanks,Lunch,Monash Recipe,Mixed,"4 trimmed lambs shanks | Olive oil spray | Beef stock or Massel&#x27;s Monash FODMAP certified beef stock. (Some extra might be required so the lamb shanks are almost covered prior to braising). | 1 cup dry red wine | tbsp tomato paste | tbsp olive oil and garlic-infused oil | 3 large carrots, top, tailed, scrubbed, coarsely diced | 3 medium parsnips, top, tailed, peeled, coarsely diced | 1 large eggplant, topped, coarsely diced | 8 sprigs rosemary leaves | 1 tsp salt, to taste | 1 tsp cracked black pepper, to taste",2251.0,34.2,28.6,31.2,10.8,0.44,12.2,0.0,0.0,0.0,54.6,818.0,0.0,50,False,False,False,True,False,False,True,False,False,False,False,False
Banana Bread Smoothie,Breakfast,Monash Recipe,Mixed,"1 firm (slightly green) banana, peeled, sliced and frozen | ½ cup unsweetened almond milk (calcium-fortified) | ¼ cup rolled oats | ¼ cup plain low-fat Greek yoghurt* | ½ tsp vanilla essence | 1 pinch of cinnamon | 1 pinch of nutmeg | ½ tsp maple syrup (optional - if you like a sweeter smoothie)",1373.0,10.3,52.9,7.7,6.3,3.0,200.0,1.0,1.0,2.0,300.0,400.0,80.0,50,True,False,True,False,False,True,False,False,False,True,False,False
Oat and Banana Pancakes,Breakfast,Monash Recipe,Mixed,"1 cup rolled oats | ⅓ cup unprocessed oat bran | ⅔ cup rice flour | 2 eggs | 1½ firm bananas | Low-fat milk (lactose-free if required), extra if required | 2 tsp baking powder | ¾ tsp cinnamon (optional) | 1 small pinch salt",924.0,8.0,33.0,6.0,3.6,3.0,200.0,1.0,1.0,2.0,300.0,400.0,80.0,50,True,False,True,False,False,True,True,True,False,False,False,False
Atlantic Salmon with Thick Cut Potato Chips,Dinner,Monash Recipe,Mixed,"4 Atlantic salmon fillets (from the body of the fish not the tail, buy with skin on to reduce the cost), scored twice on the skin side in the thickest part of the fish. | Fresh lemons as required for basting. | Salt, to taste | 8 small kipfler potatoes | Olive oil to drizzle | Salt, to taste | Paprika or mixed fresh herbs to taste, optional",2405.0,32.5,39.3,32.5,4.6,1.24,80.0,0.0,0.0,0.0,28158.8,460.0,0.0,50,False,False,True,False,True,False,False,False,False,False,False,False
Beef & Fetta Meatballs with Kale Pesto Pasta,Dinner,Monash Recipe,Mixed,"Lean beef mince | Feta cheese | 2 slices Monash FODMAP certified bread, made into breadcrumbs | tbsp flat leaf parsley, chopped | tbsp tomato paste | cherry tomatoes | Gluten free pasta | Red wine vinegar, to drizzle | Chopped kale | ⅓ cup firmly packed basil leaves | ⅓ cup finely grated pecorino | tbsp garlic-infused olive oil | Olive oil | tbsp lemon juice | 3 tbsp pepitas (pumpkin seeds)",2590.0,44.0,9.0,44.0,2.9,8.45,280.87,0.0,0.0,0.0,1291.6,3135.83,0.0,50,False,False,False,True,False,True,False,True,False,False,False,False
"Capsicum, Fetta & Chicken Sandwiches",Dinner,Monash Recipe,Mixed,"1 chicken breast fillet | Olive oil cooking spray | 4 slices, sourdough spelt bread* | Fetta cheese | 1/4 medium red capsicum, deseeded, cut into strips | ¼ cup basil leaves",2515.0,46.0,40.0,27.2,6.2,3.0,200.0,1.0,1.0,2.0,300.0,400.0,80.0,50,False,False,False,True,False,True,False,True,False,False,False,False
Macadamia Nut Dukkah,Lunch,Monash Recipe,Mixed,"⅓ cup macadamia nuts | Tbsp sesame seeds (white) | Tbsp coriander seeds | Tbsp cumin seeds | Tbsp cinnamon (ground Dutch) | 1 tsp chilli powder (optional) | 1 tsp pepper (black, ground or milled) | 1 tsp salt",144.6,0.8,0.8,2.9,1.4,3.6,300.0,0.0,0.0,0.0,20.0,0.0,0.0,50,True,True,True,False,False,False,False,False,False,True,False,False
Asian Inspired Quinoa Salad,Dinner,Monash Recipe,Mixed,"1 cup of tri-coloured quinoa cooked in 2 cups of water or our certified low sodium vegetable or chicken-style stock (or homemade low FODMAP stock) | 1 large red capsicum, large, ½ cm diced | 2 medium Lebanese cucumbers, ½ cm diced | 1 large carrot, grated | ½ cup fresh mint, chopped | ½ cup fresh coriander, chopped | Juice of 2 lemons OR limes | tbsp of fish sauce (soy sauce or vegan fish sauce for vegan option) | 2 tsp ginger, minced | 2 tsp sesame oil | Chopped fresh chilli (optional)",860.0,7.7,32.7,4.7,6.2,3.0,200.0,1.0,1.0,2.0,300.0,400.0,80.0,50,False,False,False,True,True,False,False,False,True,False,False,False
Pecan Pie,Lunch,Monash Recipe,Mixed,"1 cup water | 2 tsp salt | Unsalted butter, chopped and kept cold | Gluten free flour mix (plus ½ cup for kneading) | Xanthan gum | 2 eggs | Unsalted butter, chopped | Brown sugar | Rice malt syrup | Maple syrup | 3 eggs, lightly beaten | 1 tsp vanilla extract | Pecans | Lactose free cream to serve",2568.0,8.2,57.8,39.9,2.5,23.37,164.4,2.14,4.0,10.2,376.45,605.5,134.0,50,True,False,True,False,False,True,True,True,False,True,False,False
Chicken or Beef Stock,Dinner,Monash Recipe,Mixed,,,,,,,1.11,29.0,0.0,0.0,1.01,112.0,270.25,47.0,50,True,True,True,False,False,False,False,False,False,False,False,False
Green Smoothie,Breakfast,Monash Recipe,Mixed,"Fresh pineapple (chopped into pieces &amp;amp; frozen, see hints) | 1 cup of baby spinach | 60ml (¼ cup) lactose-free yoghurt | 80ml (⅓ cup) soy protein milk (almond milk, lactose free milk, hemp milk or coconut milk) | tbsp dried shredded coconut | 2 tsp chia seeds | 6 large ice cubes",1047.0,9.6,23.49,11.44,6.54,3.0,200.0,1.0,1.0,2.0,300.0,400.0,80.0,50,True,False,True,False,False,True,False,False,True,True,False,False
Vegan French Toast,Breakfast,Monash Recipe,Mixed,¼ cup soy milk made with soy protein | Firm tofu | ½ tsp vanilla extract | 1 tsp cinnamon | 1 tsp nutmeg | 1-2 slices of gluten-free bread or spelt sourdough bread | 1 tsp of oil for cooking OR cooking oil spray | Maple syrup to serve,1354.0,18.3,32.9,10.8,4.9,1.49,134.2,0.0,0.0,0.0,8.2,132.0,0.0,50,True,False,True,False,False,True,False,True,True,False,False,False
Herby Chicken & Pork Meatballs with Cranberry Sauce,Dinner,Monash Recipe,Mixed,"Lean pork mince | Lean chicken mince | 1 medium egg | ¾ cup spring onion tips (green tips only) | tbsp garlic infused oil | ½ tsp dried thyme | 1½ tsp dried oregano | tbsp fresh parsley | ½ cup gluten free breadcrumbs | 1 tbsp soy protein milk (lactose-free milk, hemp milk, almond milk) | 1 tbsp neutral oil (Ricebran, Canola, Olive Oil) | Dried cranberries | Boiling water | ⅓ tsp orange zest (Strip from a small orange) | tbsp white sugar | 1 tsp pinot noir wine (optional)",1289.0,20.5,21.8,15.5,1.5,0.52,19.0,0.0,0.0,0.0,54.2,165.0,7.0,50,False,False,False,True,False,True,True,True,True,True,False,True
Vegetable Stir Fry,Dinner,Monash Recipe,Mixed,"¼ cup canola oil | tbsp garlic-infused oil | 2 tsp sesame oil | tbsp ginger, finely minced | 1 red chilli, sliced finely (optional) | Bean sprouts | 2 large zucchinis | 1 large green capsicum (bell pepper) | 2 carrots | Oyster mushroom | ⅓ cup soy sauce | tbsp cider vinegar | 1 bunch herbs like Thai basil and/or coriander leaves | tbsp toasted sesame seeds, to serve",1426.0,7.0,10.3,29.0,9.0,1.07,33.75,0.0,0.0,0.0,645.0,317.5,0.0,50,True,True,True,False,False,False,False,False,True,False,False,False
Broccoli Salad with Yoghurt Dressing,Dinner,Monash Recipe,Mixed,"2 large broccoli, cut into florets (stalks removed) | 2 cups baby spinach leaves | 1 large green capsicum, diced | Garlic free sun-dried tomatoes, cut into thin strips | 6 rashers cooked shortcut bacon, diced | ¼ cup feta cheese, crumbled | ¼ cup walnuts, toasted | ¼ cup green spring onion tops, finely sliced | Dressing: | Plain, low-fat yoghurt (lactose-free if required) | tbsp apple cider vinegar | tbsp pure maple syrup | tbsp wholegrain mustard | Salt and pepper to taste",793.0,12.5,11.2,9.5,4.6,0.0,0.0,0.0,0.0,0.0,285.0,0.0,0.0,50,False,False,False,True,False,True,False,False,False,True,False,True
"Roast Pumpkin, Halloumi & Millet Salad with Lemon Herb Dressing",Dinner,Monash Recipe,Mixed,"1 tsp olive oil | ½ Japanese pumpkin, cut into large pieces | 1 tsp cumin | 1 tsp cinnamon | 1 tsp paprika | Canned brown lentils | 1 cup cooked millet | tbsp currants | 2 cups rocket | 1 tsp pumpkin seeds | Halloumi cheese, cut into 1cm thick slices | 1 bunch coriander, roughly chopped | Juice of 2 lemons | ¼ cup olive oil | ½ tsp cumin | ½ tsp ground coriander | Salt and pepper to taste",1774.0,15.79,28.47,24.87,8.81,3.0,200.0,1.0,1.0,2.0,300.0,400.0,80.0,50,True,False,True,False,False,True,False,False,False,False,False,False
Vegetable & Chickpea Soup,Dinner,Monash Recipe,Mixed,"⅓ cup garlic-infused oil | 3 cups green leek leaves, 1cm diced | Water (extra boiling water if desired) | Diced tomato, canned | 2 tsp cracked black pepper | 1 large peeled swede (rutabaga) | 2 large peeled waxy potatoes | Jap pumpkin, peeled | 2 large peeled carrots | 1 medium eggplant | 1 large red capsicum, deseeded | 1×400g (235g drained) tin chickpeas, drained and washed | ½ bunch silverbeet, chopped | 1 cup shredded cabbage (common) | 1 bunch parsley stalks and leaves, chopped | Salt, to taste",778.0,6.5,21.0,7.0,8.6,1.82,27.5,0.0,0.0,0.0,906.6,231.0,0.0,50,True,False,True,False,False,False,True,False,False,False,False,False
Homemade Beef Burgers,Dinner,Monash Recipe,Mixed,"Lean beef mince | 6 shortcut bacon rashers, diced | tbsp garlic-infused oil | tbsp Olive oil (or cooking spray oil) | ½ cup oat bran | 1 cup chives, finely chopped | ¼ cup chopped fresh parsley | 1 large egg, whisked | 1 tsp tabasco sauce (optional or to taste) | Salt and pepper, to taste | Additional olive oil, to cook burgers | 6 low FODMAP rolls",1282.0,25.0,5.5,20.1,2.1,3.12,20.0,0.0,0.0,0.0,735.8,617.5,0.0,50,False,False,False,True,False,False,True,False,False,False,False,True
Tandoori Chicken,Dinner,Monash Recipe,Mixed,"½ cup plain greek yoghurt (or lactose-free yoghurt if you malabsorb lactose) | 2 tsp tomato paste | 1½ tsp paprika | 1 tsp ground coriander | 2 tsp salt | Chicken breast, in thick slices | 2 tbsp olive oil | Kent/Japanese pumpkin, cut into thick slices | 6 spring onions, green tops thinly sliced | ¼ cup fresh lime juice | tbsp ginger, peeled and finely chopped | 3 cups coriander leaves | Steamed rice, to serve",2577.0,41.0,29.0,39.0,5.0,0.93,5.5,0.0,0.0,0.0,500.8,0.0,0.0,50,False,False,False,True,False,True,False,False,False,False,False,False
Homemade Teriyaki Sauce,Lunch,Monash Recipe,Mixed,"1 cup water | ⅓ cup brown sugar, firmly packed | tbsp rice wine vinegar | ¼ cup soy sauce | ½ tsp fresh ginger, grated | 1 tsp sesame seeds | tbsp corn starch | ¼ cup cold water",443.0,4.1,24.5,0.4,0.12,0.0,0.0,0.0,0.0,0.0,0.0,0.0,0.0,50,True,True,True,False,False,False,False,False,True,False,False,False
Blueberry & Almond Muffins,Breakfast,Monash Recipe,Mixed,"tbsp chia seeds soaked in 3 tbs boiling water | 2 cups gluten-free plain flour (containing a mixture of rice, potato and tapioca flours) | ½ cup almond meal, plus a little extra to sprinkle on top of muffins | 1 tsp baking powder | ½ cup caster sugar | 1 tsp vanilla extract | ⅔ cup vegetable oil | ¾ cup almond milk | ¾ cup blueberries (fresh or frozen)",1153.0,2.3,29.0,16.8,1.3,3.0,200.0,1.0,1.0,2.0,300.0,400.0,80.0,50,True,False,True,False,False,True,False,True,False,True,False,False
Peanut Butter and Hemp Seed Protein Balls,Lunch,Monash Recipe,Mixed,"½ cup natural peanut butter (no added salt or sugar) | tbsp pure maple syrup or sorghum syrup | 1 tsp vanilla extract | ⅓ cup hulled hemp seeds | tbsp oat bran | tbsp linseeds (flax seeds) | 3 squares dark chocolate, chopped into small chunks",1197.0,5.6,5.9,10.3,1.2,3.07,84.8,0.0,0.0,0.0,171.8,332.0,212.0,50,True,False,True,False,False,True,False,False,False,False,False,False
Acai Bowl,Lunch,Monash Recipe,Mixed,"tbsp acai powder (make sure the one you buy does not contain inulin) | ~15 raspberries | ½ cup baby spinach | 1/3 cup milk of your choice (we used almond milk) - you may need a little extra if your smoothie is too thick | 1 tsp maple syrup (optional, use if it isn&#x27;t sweet enough) | ⅓ firm banana, sliced | ½ kiwi fruit, sliced | 1 tsp desiccated coconut | 1 tsp hemp seeds (you could also use chia seeds) | 1 tsp natural Peanut Butter (optional, but tasty)",1778.0,5.9,38.1,11.1,11.0,3.0,200.0,1.0,1.0,2.0,300.0,400.0,80.0,50,True,False,True,False,False,True,False,False,False,True,False,False
Roasted Pumpkin & Carrot Soup,Dinner,Monash Recipe,Mixed,"Kent pumpkin, peeled and cut into 1cm pieces | Carrots, peeled and cut into 1cm pieces | tbsp olive oil | tbsp garlic infused olive oil | tbsp mustard seeds | 2 tsp ground coriander | 1 tsp ground cumin | 1 tsp ground turmeric | ½ tsp ground cardamom | ¼ tsp chilli powder (optional) | 1L Low FODMAP stock (chicken or vegetable depending on preference) | 500ml water",1023.0,5.6,27.5,13.6,9.1,1.29,35.4,7.18,0.5,0.0,577.6,485.75,0.0,50,False,False,False,True,False,False,False,False,False,False,False,False
Carrot Cake with Walnuts & Linseeds,Lunch,Monash Recipe,Mixed,"3½ carrots, medium (topped, tailed and scrubbed) | 2¼ cups walnuts, roasted | Pineapple, finely chopped | Teff flour | 1 tsp xanthan gum (optional) | 3 tsp baking powder | ½ cup oat bran | ½ cup linseeds (flax seeds) | 2 eggs, large | 1 cup raw sugar | 1 small pinch salt | 1 vanilla pod (scraped out seeds) (1/2 tsp seeds) | ¾ cup canola oil | ½ cup low-fat milk (lactose-free if required) | Walnut halves to top cake",1414.1,6.7,23.6,23.8,3.9,0.34,29.2,0.0,0.0,0.0,785.4,352.0,0.0,50,True,False,True,False,False,True,True,True,False,True,False,False
Double Chocolate Brownies,Lunch,Monash Recipe,Mixed,"½ cup gluten-free flour | ½ cup rolled oats | ½ tsp xanthan gum | ¼ tsp baking powder | ⅓ cup cocoa powder | ⅔ cup caster sugar | 2 eggs, lightly beaten | Butter, melted | ¼ cup plain greek yoghurt (lactose-free if required) | 1 tsp vanilla essence | ¼ cup dark chocolate chips",738.0,2.9,22.6,8.0,1.2,0.64,17.0,0.0,0.0,0.0,252.2,274.0,0.0,50,True,False,True,False,False,True,True,True,False,False,False,False
Wontons (Dumplings),Lunch,Monash Recipe,Mixed,"Pork, lean, minced (this can be a mix of prawn, chicken or even beef) | tbsp cornstarch | 2 tsp sesame oil | 3 tsp ginger, grated | ½ cup green spring onion tops, very finely chopped | tbsp soy sauce (to taste) | 1 cup cabbage, common or red, very finely diced | tbsp tapioca or rice flour | 60 square wonton wrappers",1336.0,21.8,40.4,8.4,2.0,0.86,3.4,0.0,0.0,0.0,364.0,0.0,0.0,50,False,False,False,True,False,False,False,True,True,False,True,True
Nasi Goreng - Indonesian Fried Rice,Dinner,Monash Recipe,Mixed,"tbsp garlic-infused olive oil | tbsp canola oil | 2 tsp sesame oil | 1 cup finely sliced chicken breast or hard tofu, cubed | tbsp ginger, finely chopped | 1 tsp fresh red chilli, finely chopped (optional or to taste) | 1 cup green onion tops, finely sliced | 1 cup carrot, coarsely grated | 4 cups cold, cooked brown rice (broken into separate grains) | tbsp ketjap manis (kecap manis/Sweet soy) | tbsp lime juice | tbsp soy sauce (or to taste) | 4 large eggs",2534.0,28.7,68.6,22.8,5.9,0.27,3.0,0.0,0.0,0.0,1122.0,317.5,0.0,50,False,False,False,True,False,False,True,False,True,False,False,False
Spaghetti Bolognaise Sauce,Lunch,Monash Recipe,Mixed,"Beef mince | ¾ cup lean, short cut bacon, finely diced (about 4 rashers depending on their thickness) | 1 cup carrot peeled and finely diced (1 large carrot) | ⅔ cup green leek or onion tops, finely chopped (about ½ bunch spring onion tops or ½ a leek top) | 1 cup red capsicum, deseeded and finely diced (about ½ a red capsicum) | tomato paste | tbsp olive oil | 1 tsp garlic infused oil | 1 tsp pepper, cracked black | 1 tsp thyme | 350ml boiling water | ⅔ cup parsley, finely chopped",1243.7,27.4,6.2,17.9,3.1,0.97,16.8,7.18,0.5,0.0,427.8,1077.75,0.0,50,False,False,False,True,False,False,False,False,False,False,False,True
Overnight Oats,Breakfast,Monash Recipe,Mixed,"1 cup rolled (traditional) oats | 10 almonds | tbsp pepitas (pumpkin seeds) | tsp ground cinnamon | tbsp dried cranberries | cup milk of your choice (cows, lactose free, almond, rice etc) | cup water | low FODMAP fruit e.g. 1/3 banana, kiwi fruit | tbsp yoghurt, lactose free if required | tsp maple syrup (optional)",1539.0,12.0,38.5,16.0,5.0,3.55,278.2,0.0,0.0,0.0,928.65,418.0,0.0,50,True,False,True,False,False,True,False,False,False,True,False,False
Flourless Chocolate Olive Oil Cake,Lunch,Monash Recipe,Mixed,"regular olive oil | good quality cocoa powder, sifted | boiling water | vanilla extract | almond meal/flour (for a nut free option use 125g/4.4 oz plain, premade gluten free flour) | bicarbonate soda | salt | caster sugar | eggs | raspberries or strawberries to serve",1161.0,5.0,18.0,20.0,2.0,2.77,78.25,0.88,0.0,1.4,14185.8,320.33,0.0,50,True,False,True,False,False,False,True,True,False,True,False,False
