recipe_name,recipe_url,servings_text,cook_time_text,index_page,description,recipe_yield,prep_time,cook_time,total_time,ingredients,instructions,calories,protein_g,carbs_g,fat_g,fiber_g,sugar_g,is_low_fodmap,parse_status
Rice Pudding,https://www.monashfodmap.com/recipe/rice-pudding/,Serves: 4,Cook: 30 minutes,1,This dish is simple to make and tastes delicious!!,4,PT5M,PT30M,PT35M,"Lactose-free milk | Rice (arborio, white or basmati) | tbsp sugar | Topping suggestions; Ground cinnamon, walnuts, maple syrup, grated dark chocolate, blueberries, strawberries, banana, passionfruit...","Pour milk into a medium-large sized saucepan. | Place saucepan onto a stove top and allow lactose-free milk to almost reach boiling point. Then reduce the heat, add in the rice and allow to simmer. | Add in 1 Tbsp of raw sugar to the milk-rice mixture and stir through. Continue stirring frequently for approximately 20 minutes until the rice is tender and the mixture has thickened to your liking. If mixture is too thick you can add more milk. If mixture is too runny continue cooking – it will thicken up. | Keep stirring frequently so that the milk doesn’t burn and to avoid rice pudding sticking to the bottom. | Once cooked, remove rice pudding from saucepan. | Serve it hot or cold with your choice of toppings such as cinnamon, grated dark chocolate, maple syrup, blueberries and strawberries, banana and passionfruit, or add some orange or lemon zest during cooking for a citrus version",1155.0,10.0,40.2,9.0,0.1,20.5,True,ok
Rice Paper Dumplings,https://www.monashfodmap.com/recipe/rice-paper-dumplings/,Serves: 1 (6 dumplings),Cook: 5 minutes,1,"Crispy, chewy parcels of goodness! These rice paper dumplings are easy to make and taste fantastic",1 (6 dumplings),PT15M,PT5M,PT20M,"Firm tofu, cut into small cubes | Chinese cabbage (wombok), shredded | 1/2 carrot, grated | Oyster mushrooms, finely chopped | Spring onion, green tops only | 1/2 tbsp sesame oil | 1/2 tbsp soy sauce | 1/2 tbsp minced ginger | 12 rice paper rounds | Vegetable oil for cooking | Soy sauce and rice wine vinegar to serve","Add the prepared tofu and vegetables into a bowl and stir to combine. | Add the soy sauce, sesame oil and ginger and stir | Heat a fry pan over medium heat and add filling, cook, stirring for 5 mins until wilted down | Prepare a plate with warm water and soak the rice paper round for 10 seconds or until soft. Place on a a board and spoon two tbsp of filling into the centre. Fold bringing the top flap down, then the right and left side towards the centre and bring the bottom flap upwards to seal. Repeat this process with a second rice paper round to make two layers to ensure it doesn&#x27;t break while cooking | Repeat with remaining rice paper and filling to make 6 dumplings | To pan fry: | Over medium-high heat, add enough oil to the fry pan to coat the bottom. Cook on each side until golden (about 3 minutes each) and crispy. Move to paper towel once cooked to drain excess oil. Serve with soy sauce and rice wine vinegar | To air fry: | Grease the dumplings with oil on both sides (we like to use a spray oil for a light coating). Place them in the air fryer. Set the air fryer on 200°C/400°F for 12-14 minutes (flip them halfway) or until crispy on the outside.",2029.0,15.2,24.82,34.3,7.62,5.1,True,ok
Chocolate Pavlova,https://www.monashfodmap.com/recipe/chocolate-pavlova/,Serves: 10,Cook: 1 hour 15 minutes,1,Make a Aussie classic even more delectable with the addition of chocolate!!,10,PT10M,PT75M,PT85M,"6 large egg white | Caster sugar | tbsp cocoa powder, sieved | 1 tsp balsamic vinegar | Dark chocolate, grated | Thickened cream, whipped | Chocolate and fruit of your choice to decorate, optional","Preheat the oven to 180°C/356°F | Beat the egg whites until stiff peaks form. Beat in the sugar, one spoonful at a time and continue beating until the mixture is stiff and shiny. Fold through the cocoa, vinegar and grated chocolate until just combined. | Line a baking tray with grease proof paper. Spread your mixture onto the paper in a 23cm diameter circle. Smooth the sides and top. Place in the oven and reduce temperature to 150°C/302°F. Bake for 1-1¼ hours. Turn the oven off when the pav is crisp on top and a little bit gooey in the middle. Open the oven door and let the pav cool completely inside.",1084.4,3.6,34.5,12.0,0.4,32.3,True,ok
Potato Salad with Green Beans & Mustard Vinaigrette,https://www.monashfodmap.com/recipe/potato-salad-green-beans-mustard-vinaigrette/,Serves: 4-6,Cook: 25 minutes,1,Looking for ways to boost prebiotics in your diet without FODMAPs? Try this delicious potato salad!,4-6,PT20M,PT25M,PT45M,"New/baby potatoes | 4 rashers lean bacon, sliced thinly | Green beans | tbsp chopped chives | tbsp chopped parsley | ¼ cup roasted walnuts | garlic infused olive oil | tbsp balsamic vinegar | 1 tsp wholegrain mustard | ½ tsp dijon mustard | 8 twists of black pepper","Slice potatoes in half or quarters (depending on size) and place in a large pot. Cover with cold water and bring to a boil. Turn down the heat to a slow boil and cook for 12 to 15 minutes - until fork tender. Drain and set aside to cool (ideally refrigerate overnight). | Trim green bean ends and cut green beans in half. | Steam/boil green beans for 3-4 minutes until just tender. Drain and set aside to cool. | Cook bacon in a small frying pan until crisp. Drain on paper towel to remove any excess fat. | Prepare vinaigrette by whisking together olive oil, balsamic vinegar, mustards and black pepper. | Finely slice chives and parsley and set aside. | In a large salad bowl combine potatoes, green beans, bacon, chives, parsley and walnuts. Dress salad with vinaigrette and toss to coat evenly. Refrigerate salad until ready to serve.",1005.0,7.7,13.7,16.5,5.6,2.8,True,ok
Three-coloured Rice Bowl,https://www.monashfodmap.com/recipe/three-coloured-rice-bowl/,Serves: 1,Cook: 20 minutes,1,"A quick, protein rich lunch or dinner option with Japanese inspired flavours",1,PT15M,PT20M,PT35M,"White rice, cooked | Chicken mince (ground chicken) | sake (Japanese rice wine) | white sugar | soy sauce | egg | white sugar | salt | spinach | soy sauce | sesame seeds","Beat the egg and mix with the seasonings from [B]. | Heat a frying pan, pour in the egg mixture, stir quickly to scramble, and remove to a plate. | Using the same frying pan, stir-fry the ground chicken. Once it starts to cook, add the pre-mixed seasonings from [A] and stir quickly. | Boil the spinach, cool it in water, cut it into 2 cm pieces, and squeeze out excess water. | Mix the spinach with the seasonings from [C]. | Serve rice in a bowl, then top with the ground chicken, scrambled eggs, and spinach.",2141.0,28.2,64.7,14.1,3.6,9.5,True,ok
Lotus Root Meatballs,https://www.monashfodmap.com/recipe/lotus-root-meatballs/,Serves: 2,Cook: 15 minutes,1,"A simple, Japanese inspired low FODMAP snack or lunch option!",2,PT25M,PT15M,PT40M,"Chicken mince (ground chicken) | Firm tofu | Lotus root, frozen | Carrot, finely grated | Spring onion / scallion (green tops only), finely chopped | egg | salt | sake (Japanese rice wine) | soy sauce | minced ginger | potato starch | sesame oil | water | sake (Japanese rice wine) | Mirin seasoning / aji-mirin | soy sauce | white sugar | potato starch","Combine the chicken mince, drained tofu, and ingredients from [A] in a bowl, and mix thoroughly. | Add potato starch, lotus root, and carrot, then mix further. | Divide the mixture into four portions and shape them into round patties. Heat sesame oil in a frying pan and cook the patties over medium heat until both sides are golden brown. | Add 2 teaspoons of water (not listed in ingredients), cover with a lid, and steam-cook on low heat for about 4 minutes or until cooked through. | Use a paper towel to remove any excess oil, then add the ingredients from [B] and simmer until the sauce coats the patties. | Plate the patties, garnish with green onion, and serve with an egg yolk on the side.",989.0,21.8,9.4,11.4,2.4,5.7,True,ok
Easy Salmon and Potato Gratin,https://www.monashfodmap.com/recipe/easy-salmon-and-potato-gratin/,Serves: 2,Cook: 15 minutes,1,A quick and easy low FODMAP lunch or dinner option with a Japanese twist!,2,PT5M,PT15M,PT20M,"White potatoes, peeled | Canned salmon, drained | creamed corn, canned | Japanese mayonnaise | almond milk | wholegrain Dijion mustard | dried oregano | Mozzarella cheese, shredded | Canola oil (as needed) | Salt, to season | Pepper, to season","Preheat the oven to 180°C (356°F). | Peel the potatoes and slice them into 3mm thick half-moon shapes. | In a large bowl, mix together all ingredients except the potatoes and shredded cheese. Add the sliced potatoes to the mixture and combine thoroughly, ensuring the potatoes are well coated. | Lightly grease a heat-resistant baking dish with oil. Transfer the potato mixture into the dish, spreading it evenly. Sprinkle the shredded pizza cheese over the top. | Place the dish in the preheated oven and bake at 180°C for approximately 13 minutes. Check for doneness by inserting a fork or skewer into the potatoes; they should be tender. Once the potatoes are soft and the cheese is melted and golden, remove from the oven. | Allow to cool slightly before serving. Enjoy your creamy salmon and potato gratin!",1249.0,17.4,16.2,17.8,2.0,1.5,True,ok
Chicken with Quinoa and Kiwi Salad,https://www.monashfodmap.com/recipe/chicken-with-quinoa-and-kiwi-salad/,Serves: 2,Cook: 15 minutes,1,A refreshingly sweet low FODMAP summer salad!,2,PT15M,PT15M,PT30M,"white quinoa | water | Chicken thigh, diced | iceberg lettuce | cherry tomatoes | green kiwifruit, peeled | wholegrain Dijion mustard | rice wine vinegar | perilla oil | Salt, to season | Black pepper, to season","Combine quinoa, water, and salt in a pot and bring it to a boil. Once boiling, reduce the heat to low and simmer for about 15 minutes. Drain the quinoa using a sieve and set it aside. | Lightly season the chicken thighs with salt and pepper. Heat a frying pan over medium heat and place the chicken skin-side down. Cover with a lid and cook until the skin is golden and crispy. Flip the chicken and cook until fully cooked through. Once done, let it cool. | Tear the lettuce into bite-sized pieces, cut the tomatoes into quarters, and dice the kiwi into 1cm cubes. | In a bowl, combine Dijon mustard and rice vinegar. Whisk thoroughly, then gradually add perilla oil while whisking until the mixture turns white and creamy. Season with salt and pepper to taste. | Mix the cooked quinoa, roasted chicken, prepared vegetables, and kiwi together. Toss with the dressing until everything is evenly coated. Serve and enjoy!",1026.0,17.2,18.0,10.7,4.0,10.2,True,ok
Turnip with Miso Meat Sauce,https://www.monashfodmap.com/recipe/turnip-with-miso-meat-sauce/,Serves: 3,Cook: 15 minutes,1,A delicious Japanese inspired recipe,3,PT10M,PT15M,PT25M,"Pork mince (ground pork) | White turnip, peeled | dried red chilli, sliced | minced ginger | sesame seeds | sake (Japanese rice wine) | miso paste | white sugar | soy sauce | water | rice bran oil | potato starch | water","Peel the turnips, leaving a small portion of the stems intact, and cut them into 6 wedges. | Heat rice bran oil in a frying pan, and cook the turnips until they develop a golden-brown color. Remove them and place them on a plate. | In the same frying pan, add the ground pork and stir-fry. Then add the chili pepper, ginger, and ingredients from [A], mixing well. Finally, add potato starch dissolved in water to thicken the sauce. | Pour the mixture from Step 3 over the turnips from Step 2. Serve and enjoy!",769.0,11.9,7.7,10.4,1.6,6.4,True,ok
Creamy Pumpkin & Sage Gnocchi,https://www.monashfodmap.com/recipe/creamy-pumpkin-sage-gnocchi/,Serves: 2,Cook: 25 minutes,1,Vegan and Low FODMAP Recipe Ideas by Melissa D&#x27;Elia (APD),2,PT5M,PT25M,PT30M,"2 cups Kent pumpkin, peeled | 1 tbsp garlic infused olive oil | 1 bunch fresh sage | Salt and pepper to taste (optional) | Extra-firm tofu, drained and crumbled | ¼ cup soy milk (soy protein) | 2 tbsp nutritional yeast | 2 tsp lemon juice | 2 heaped tbsp margarine/dairy free spread | Gluten free gnocchi","Preheat oven to 200°C/390°F and chop the pumpkin into small cubes. | Toss the pumpkin with garlic infused olive oil, fresh sage, salt and pepper, and roast for 25 minutes until tender and golden. | While pumpkin roasts, heat the garlic infused olive oil in a non-stick pan. Add crumbled tofu and pan-fry over medium heat for 6–8 minutes until golden and slightly crisp. Season with salt and pepper. Set aside. | In a blender, combine the roasted pumpkin, soy milk, nutritional yeast and lemon juice. Blend until smooth and creamy. Add more soy milk if needed to thin slightly. | In a large fry pan, melt 2 tbsp margarine/dairy free spread over medium heat. Add chopped sage and cook gently for 1-2 minutes until fragrant and slightly crisped. | In the meantime, cook gnocchi according to packet instructions. Drain and set aside. | To the pan, add the cooked gnocchi to the infused sage and combine. Add the crispy tofu and season with extra salt and pepper if desired. Stir fry until the gnocchi becomes crispy. | Add the creamy pumpkin sauce to the bottom of a plate as your base. Serve the gnocchi mixture on top. Top with fresh sage.",2646.0,27.0,64.0,32.0,10.0,7.0,True,ok
Cilantro Green Rice with Spinach & Lime,https://www.monashfodmap.com/recipe/cilantro-green-rice-with-spinach-lime/,Serves: 6,Cook: 20 minutes,2,"If you&#x27;re looking for a simple and fresh side dish, this recipe by Amy Laura from FODifyIt! is for you!",6,PT10M,PT20M,PT30M,"2¾ cups Low FODMAP Chicken Stock, or water | ½ tsp fine sea salt | 1½ cups white rice; I use basmati because it&#x27;s fluffy | 2 tbsps low FODMAP garlic-infused oil, made with extra virgin olive oil | 1 cup fresh baby spinach | ¼ cup thin sliced scallions, green parts only | 1 cup fresh medium packed cilantro, mostly leaves, chopped fine | Juice of 1 lime (2 tbsps), plus more to your taste","Bring the stock or water with salt to a boil in a medium saucepan over high heat. Add the rice and boil for 2 minutes. Reduce to simmer and cover with a lid. Simmer for 15 minutes or until the rice is tender and fluffs nicely with a fork. Remove from heat and keep covered. | Pour the oil into a small sauté pan or nonstick skillet over medium high heat until it shimmers. Add the spinach and scallion greens. Stir with a spatula until the spinach is tender. This will take 2 to 3 minutes and the spinach will reduce considerably. | Spoon the spinach and scallions with pan liquid into a blender along with the cilantro and lime juice. Give it a few pulses and scrape down with a spatula. Continue to pulse until everything begins to combine and you have a coarse pesto consistency. If you have a stubborn mixture, add 1 tablespoon (15 ml) of water to get things moving. | Spoon the mixture into the rice. Gently stir and fluff to incorporate. Taste and adjust for for salt and lime. Serve immediately. | Stored in an airtight container, green rice will keep up to 3 days in the refrigerator.",1174.0,5.04,52.03,5.1,1.63,0.44,True,ok
Vanilla Flan with Caramel Sauce,https://www.monashfodmap.com/recipe/vanilla-flan-with-caramel-sauce/,Serves: 6,Cook: 35 minutes,2,This showstopping dessert by Amy Laura from FODifyIt! is sure to deliver low FODMAP delight!,6,PT20M,PT35M,PT55M,"½ cup sugar | 3 tbsps water | 3 large eggs plus 2 large egg yolks, room temperature | 1 cup plain, unsweetened almond milk, room temperature | ¾ cup canned full-fat coconut milk for cooking, containing no inulin, well-stirred, room temperature | ½ cup sugar | 1 tbsp vanilla extract (essence) | Pinch fine sea salt","Preheat oven to 325 F / 163 C | Caramel: Pour the sugar and water into a medium saucepan over medium high heat. Swirl the pan for 1 to 2 minutes until the sugar dissolves. Let the sugar water simmer gently and cook undisturbed for 3 minutes. As the color begins to turn a light honey color, gently swirl the pan 3 times, then allow the caramel to continue to simmer until it turns medium-dark amber, but not dark brown. Be sure not to stir or swirl too much or it will crystallize and seize up. This step should take about 7 minutes. | Place the flan mold inside the rimmed baking pan. Pour the hot caramel into the mold. At this stage the mixture is lava hot so be very careful to not touch, splatter, or dip your finger in for a taste. Using heavy oven mitts, tip the mold back and forth to coat the bottom with caramel, and slightly up the sides. Return it to the baking pan and let cool for 10 minutes. | Flan: Pour the flan ingredients into a blender and purée for 2 minutes. Pour through a fine mesh metal strainer over the caramel. It may make a loud crack! sound that is perfectly normal if the caramel is still warm when the cold liquids are added. Place in the oven. Pour hot water into the larger baking pan, surrounding the mold in 1/2-inch (1.25 cm) deep water. This will create steam for a creamy, tender flan. | Baking times will vary according to your oven and the pan you use. Bake for 25 minutes and check by inserting a knife into the flan, but not all the way through to the caramel as this will leave a mark on the top of the flan when it’s turned out onto a platter. When the knife comes out clean and the center of the flan is only slightly jiggly, it is done. If still soupy, bake 10 more minutes. (There have been cold winter days when I have cooked mine for 50 minutes). | Remove from the oven and use heavy mitts to lift the mold from the water bath. Allow to cool for 20 minutes, cover with plastic wrap and refrigerate 8 hours to overnight. | When ready to serve, run a knife around the edges of the mold to release the flan. Invert onto a rimmed serving platter to contain the caramel. Slice and serve as is, or topped with a kiwi slice and a strawberry",898.0,3.49,35.28,7.39,0.12,35.26,True,ok
Green Chile Crab Cakes,https://www.monashfodmap.com/recipe/green-chile-crab-cakes/,Serves: 4,Cook: 15 minutes,2,An unforgettable low FODMAP starter for your next dinner party thanks to Amy Laura from FODifyIt!,4,PT35M,PT15M,PT50M,"Lump crab meat, fresh or canned and drained, cleaned and divided | Canned mild chopped green chiles, drained | ⅓ cup plain low FODMAP gluten-free panko breadcrumbs | 2 tbsps mayonnaise, containing no onion, garlic or other high FODMAP ingredients | 1 egg white, whisked | Juice of ½ lime, plus 1 more for finishing spritz and garnish | 2 tsps minced chives | ½ tsp fresh ground black pepper | ¼ cup low FODMAP gluten-free all-purpose baking flour, containing xanthan gum | ¼ tsp fine sea salt | 2 tbsps canola oil for pan cooking | 1 cup thinly sliced Romaine lettuce, chilled | ¼ tsp smoked paprika for dusting garnish","Place 3/4 of the crab meat in a medium mixing bowl. Chill the remaining crab in the fridge, covered. Add the chiles, breadcrumbs, mayo, egg white, lime juice, chives and pepper. Mix gently to combine. Form 4 patties, pressing into 1/2-inch (1.25 cm) thick rounds. Place on a plate and chill in the fridge for 30 minutes to set. | Whisk the coating flour, salt and pepper in a small wide bowl. Lightly dip both sides of each patty in the flour. | Add oil to a large non-stick skillet; heat over medium-high heat until shimmering, then add the patties. Cook covered for 3 to 4 minutes without disturbing. When the bottom is golden brown, gently flip with a spatula. Reduce the heat to medium low, cover and cook undisturbed for 4 minutes. Check for golden brown color. They should be crispy on the outside and tender inside. If they feel too soft, cover and cook 2 minutes longer. If needed, add 2 teaspoons (10 ml) more oil to the pan. Move to a plate and tent with foil to rest 3 minutes. | To plate as an appetizer: place a handful of shredded Romaine on 4 plates, then place one patty each topped with a dollop of the remaining crab meat. Spritz the cakes and lettuce with lime juice. Garnish with a lime wedge and a pinch of smoked paprika. Serve immediately.",1216.0,12.95,14.18,19.62,3.14,2.14,True,ok
Pollo Dorado with Lemon Poblano Sauce,https://www.monashfodmap.com/recipe/pollo-dorado-with-lemon-poblano-sauce/,Serves: 2,Cook: 15 minutes,2,"Crispy chicken, herby sauce and the perfect amount of heat. You don&#x27;t want to miss this recipe from FODifyIt!&#x27;s Amy Laura!",2,PT35M,PT15M,PT50M,"2 tbsps low FODMAP garlic-infused oil, made with canola oil | 2 medium fresh poblano peppers, roasted and prepped, rough chopped | ½ cup fresh, medium packed cilantro leaves, some stems are okay | scallions, green parts only, roughly chopped | ¼ cup unsweetened, plain almond milk | 2 tbsps plain dairy-free, unsweetened coconut yoghurt | Juice of 1 lemon | ¼ tsp ground cumin | ¼ scant tsp fine sea salt | ¼ scant tsp fresh ground black pepper | 2 chicken breasts, boneless, skinless | ½ cup low FODMAP gluten-free all-purpose baking flour, containing xanthan gum | 1 tsp fine sea salt | ½ tsp fresh ground black pepper | 1 large egg | 25 regular style corn tortilla chips, gluten-free, blended into coarse crumbs in a food processor (makes approx. 1 cup) | 3 tbsps canola oil | Cooking spray oil | Fresh cilantro, finely chopped for garnish","Sauce: | Use a medium non-stick skillet to make the garlic infused oil as instructed on page 50. Once the garlic bits are removed, leave the oil in the pan off the heat. | Place the poblano meat, cilantro, scallion greens, almond milk, yogurt, lemon juice, cumin, salt and pepper into a blender. Purée for 1 minute until smooth with tiny bits of herbs showing. Place the skillet with oil over medium heat. Pour in the sauce and stir until warm and just bubbly. Remove from heat and cover with a lid to keep warm. | Chicken: | Preheat oven to 425 F / 220 C | Butterfly the chicken by placing your hand flat on top of one breast and cut into the side lengthwise to divide in half, stopping at 1-inch (2.5 cm) before slicing all the way through. Open the fillet flat and it will be heart-shaped. Repeat for the second breast. Cut away any fatty pieces. Make sure your knife is nice and sharp, otherwise the meat will shred as you slice into it (speaking from experience here). | Set up your dredging station in 3 shallow bowls or pie pans as follows: | 1. Mix the flour with salt and pepper in the first pan and whisk to mix. | 2. Beat the egg in the second pan. | 3. Pour the tortilla chip crumbs into the last pan. | First, dredge the breast in the flour to coat completely. Shake off any excess. Then dredge in the beaten egg, again covering completely. Finally, coat in the chip crumbs using your hands to push the crumbs into the breast for maximum coverage. Repeat for second breast. | Grease a small, rimmed baking sheet with canola oil. Place the chicken on the pan and coat the tops lightly with cooking spray oil. Bake for 10 minutes. Flip with a spatula. Bake 10 minutes longer until golden crisp and done, showing no pink in the centers. Timing will vary according to the thickness and temperature of your chicken. If the sauce has cooled, place it over medium high heat until it’s just bubbly and warmed through. | Pour half of the sauce onto a dinner plate. Top with a golden chicken breast. Sprinkle with cilantro. Repeat for the second plate. Serve immediately.",4174.0,70.24,52.27,53.84,10.5,3.83,True,ok
Hummus,https://www.monashfodmap.com/recipe/hummus/,Serves: 6-8,Cook: 0 minutes,2,A delicious low FODMAP version of a classic dip,6-8,PT5M,PT0M,PT5M,"Canned chickpeas | 1/4 cup lemon juice, freshly squeezed | 1/2 cup tahini, hulled | 1/3 cup garlic infused olive oil | Water | Salt and pepper","Drain the chickpeas and rinse off any remaining canning liquid. | Add chickpeas, lemon juice, tahini and garlic infused olive oil to a food processor or blender. Blitz until combined and a paste is formed. | Season with salt and pepper to taste preference. | Add water gradually and blitz until the desired (thinner) consistency is met. | Serve with low FODMAP crackers or vegetable sticks",1592.0,7.87,9.3,33.2,6.9,0.75,True,ok
Chocolate Mousse,https://www.monashfodmap.com/recipe/chocolate-mousse/,Serves: 6,Cook: 5 minutes,2,A quick and easy family favourite dessert!,6,PT15M,PT5M,PT20M,"Baking dark chocolate, roughly chopped | 3 eggs | ¼ cup caster sugar | 1 tbsp cocoa powder | Lactose free thickened cream","Melt chocolate by placing it in a heatproof bowl over a pan of gently simmering water (don&#x27;t let the bowl touch the water) and stir until melted. | Remove bowl from heat and set aside to cool slightly. | Place eggs and sugar in a large bowl and beat with electric beaters for around 5 minutes, or until the mixture is pale, thick and doubled in volume. | Fold cocoa powder and cooled chocolate into the egg mix until combined. | In a separate bowl, whip cream until thickened (be careful not to over-beat). | Use a large metal spoon to carefully fold the cream into the chocolate mixture, trying to keep the mixture as light as possible. | Spoon into 6 serving glasses and chill in fridge for at least 1 hour. Remove from fridge 15 minutes before serving.",2106.0,6.0,41.9,35.7,0.9,36.5,True,ok
Chocolate Mug Cake,https://www.monashfodmap.com/recipe/chocolate-mug-cake/,Serves: 1,Cook: 2 minutes,3,"This super simply one serve mug cake is quick, easy, low FODMAP and delicious!",1,PT5M,PT2M,PT7M,4 tbsp gluten free flour | 3 tbsp sugar | 2 tbsp cocoa powder | ½ tsp baking powder | 3 tbsp lactose free milk | 1 tbsp vegetable oil | 1 tsp vanilla extract | 1 tbsp dark chocolate (chopped or chocolate chips) | Optional - icing sugar for topping,"Add all ingredients in a microwave-safe mug, stir until combined | (Top with extra chocolate if you like!) | Microwave for 1½-2 minutes. Watch to make sure it doesn&#x27;t spill over the top of the mug | Remove and let cool for 1 minute, then top with icing sugar (optional)",2864.0,7.32,102.4,27.6,4.71,62.18,True,ok
"Low FODMAP Silky Red Mole Sauce with Red Chile Powder, Chocolate and Peanut Butter",https://www.monashfodmap.com/recipe/low-fodmap-silky-red-mole-sauce-with-red-chile-powder-chocolate-and-peanut-butter/,Serves: 6,Cook: 20,3,A quick and easy low FODMAP sauce recipe from Fodify It!,6,PT10M,PT20M,PT30M,"low FODMAP garlic-infused canola or vegetable oil | pure mild red chile powder* | smoked paprika | ground cinnamon | ground cumin | fine ground black pepper | low FODMAP chicken broth (without onion or garlic) | canned, drained, roughly chopped whole plum tomatoes | thinly sliced scallions, green parts only | smooth peanut butter | plus 1tsp Dutch-processed cocoa powder | dark baking chocolate (70% cocoa minimum), broken into pieces^ | light brown sugar | salt","Pour the garlic oil into a large nonstick skillet over medium high heat. When it shimmers, add the red chile powder, paprika, cinnamon, cumin, and black pepper. Stir for 1 minute using a wooden or heatproof silicone spatula. | Add the broth and stir to combine for 30 seconds. Reduce heat to medium and add the remaining ingredients. Stir until the chocolate is melted and all ingredients are fully incorporated, scraping the bottom of the skillet where the chocolate may settle until the mole comes to a low boil. Remove from heat. | Carefully spoon or ladle into a blender. Place a heavy, clean kitchen towel over the lid to avoid hot splatters. Blitz on high until smooth, about 2 minutes. | Pour the mole back into the pan over medium heat. Continuously stir to reduce for about 3 minutes or until it has the consistency of a silky turkey or brown gravy. If it is too thick, add 1 tablespoon of hot water or broth at a time until you have desired thickness. Check for salt (you may want to add ¼ tsp more, to your taste).",613.0,3.51,6.9,11.57,1.82,5.01,True,ok
Vanilla Custard,https://www.monashfodmap.com/recipe/vanilla-custard/,Serves: 6,Cook: 10 minutes,3,Make your own lactose-free vanilla custard! Perfect to pair with other low FODMAP desserts.,6,PT10M,PT10M,PT20M,6 egg yolks | Caster sugar | Thickened cream (lactose free if required) | Lactose free milk | 1 tsp vanilla essence | 2 tsp cornflour/cornstarch,"Add milk, vanilla and 200ml of the cream into a saucepan. | Heat on a low heat until just under a boil. | Whisk the egg yolks, caster sugar and cornflour until light and creamy in a large measuring jug or bowl. | Pour the heated cream into the eggs in a long steady stream, whisking the eggs continually. | Pour this thin custard back into the saucepan then whisk continually on a medium heat until the custard thickens and starts to gently bubble. | Remove from the heat immediately, stir in the extra 100ml of cream and continue whisking for a minute or so to ensure the custard is smooth with no lumps. | Serve immediately.",1243.0,3.0,8.2,28.7,0.0,7.7,True,ok
Lemon Raspberry Friands,https://www.monashfodmap.com/recipe/lemon-raspberry-friands/,Serves: 12,Cook: 20 minutes,3,This delicious recipe creates a lovely afternoon tea or dessert with accompanying homemade custard to use up those egg yolks!,12,PT20M,PT20M,PT40M,Icing sugar | Almond meal | Cassava flour | Zest of 1 lemon | ½ tsp salt | Egg whites (approx 6 eggs) | Butter | ½ tsp vanilla extract | 24 raspberries,"Pre-heat the oven to 180°C /350°F or 160°C fan forced. | Grease a 12-hole friand or muffin tin. | Combine the icing sugar, almond meal, cassava flour, lemon zest and salt in a large mixing bowl. | In a separate bowl, whisk the egg whites until they become white, light, and just at the soft peak stage. | Gently fold the whisked egg whites into the dry mixture, followed by the melted butter and vanilla extract. | Divide the batter evenly between the friand or muffin tin holes, filling them about ⅔ full. Then place 2 raspberries on top of each friand. | Bake in the pre-heated oven for 20 minutes, then remove from the oven. | Let them cool in the tins for 10 minutes, and then transfer to a wire rack to finish cooling. | Before serving, dust the friands with icing sugar.",1275.0,4.9,24.4,21.1,1.6,17.6,True,ok
Golden Sticky Tofu Nourishing Bowl,https://www.monashfodmap.com/recipe/golden-sticky-tofu-nourishing-bowl/,Serves: 2,Cook: 20,3,"This Monash FODMAP Certified golden sticky tofu nourishing bowl by A Little Bit Yummy is a gorgeous plant-based meal. It features tender roast vegetables, yummy sunshine tahini dressing and the tastiest sticky tofu. Once you’ve tried eating tofu this way, you won’t go back.",2,PT10M,PT20M,PT30M,"ROAST VEGGIES | parsnip | carrot | sweet potato | olive oil | salt and pepper to season | SUNSHINE TAHINI DRESSING | 3 tsp Tahini | ½ tsp garlic infused olive oil | 2 tsp lemon juice | 1 tsp maple syrup | Season with black pepper | GOLDEN STICKY TOFU | Firm tofu | 1 tbsp cornflour/starch | ¼ tsp salt | ¾ tsp paprika | ½ tsp ground cumin | ½ tsp ground coriander | ¼ tsp chilli flakes (optional) | 1 tbsp lemon juice | 1 tbsp maple syrup | 2 tsps brown sugar | 1 tbsp water | 1 tbsp garlic infused oil (for frying) | baby spinach (roughly chopped) | 1 tbsp spring onion/green onion (green leaves only, finely sliced) | 1.5 cups cooked brown rice (we used a precooked rice packet)","Preheat the oven to 180ºC (355ºF) fan-forced function. Line a roasting pan with baking/parchment paper. | Peel and slice the carrot, parsnip and sweet potato into bite-sized pieces. Place in a large bowl, drizzle over the olive oil and season well with salt and pepper. Toss until evenly coated, then transfer to the roasting pan. | Place in the oven and roast for 20 minutes (place a timer on). Turn once during cooking. | While the vegetables roast, make the sunshine tahini dressing. In a small glass or jar, whisk together the tahini, garlic infused oil, olive oil, lemon juice, maple syrup and a couple of grinds of black pepper. | Prep the golden sticky tofu. Drain the firm tofu and pat dry using a clean lint-free tea towel. Tear the tofu into bite-sized pieces and place in a bowl. Sprinkle over the cornflour/starch and salt. Mix well. | Mix the paprika, cumin, coriander, chilli flakes, lemon juice, maple syrup, and water in a small glass to form the tofu sauce. | Place a large non-stick frypan over medium-high heat. Add the garlic infused oil and fry the tofu until lightly golden on all sides - if needed add an extra drizzle of oil to the pan. Then pour in the tofu sauce and cook for a further 1-2 minutes until the tofu is sticky and golden. Remove the tofu from the pan. | Heat the brown rice according to the packet directions. | Remove the roast vegetables from the oven once they are tender and golden. | Assemble the nourishing bowls. Place the brown rice in the bottom of the bowls, then layer the roast vegetables and chopped spinach, and place the sticky golden tofu on top. Sprinkle with thinly sliced spring onion/green onion leaves and drizzle in sunshine dressing. Enjoy!",3279.0,26.13,72.89,39.68,15.57,15.57,True,ok
Maple Mustard Chicken Crunch Salad,https://www.monashfodmap.com/recipe/maple-mustard-chicken-crunch-salad/,Serves: 4,Cook: 30,3,Say goodbye to boring salads and hello to this gorgeous Monash FODMAP Certified Maple Mustard Chicken Crunch Salad by A Little Bit Yummy.,4,PT15M,PT30M,PT45M,"CRUMBED CHICKEN TENDERS | Skinless chicken breast | 1 ½ cups Panko breadcrumbs | ½ tsp Salt | 3 tbsp Mayonnaise | 2 tsp Dried chives | 2 tbsp Fresh parsley, finely chopped | HERB ROASTED POTATOES | Potato | 1 tbsp Garlic infused oil | ½ tsp Dried oregano | ½ tsp Dried thyme | Season with salt and pepper | SALAD | 4 cups Iceberg lettuce, shredded | 1 ½ cups Continental cucumber | 1 cup Grated cheddar cheese, optional | DRESSING | 3 tbsp Mayonnaise | 1 tbsp Dijon mustard | ½ tsp pure maple syrup (optional - add to taste) | Season with black pepper","Pre-heat the oven to 200ºC (390ºF) bake function or 180ºC (355ºF) fan forced. | This recipe needs two roasting pans. Line one roasting pan with baking/parchment paper. Place a wire rack in the other roasting and lightly spray the rack with cooking oil (this will stop the chicken from sticking). | Prep the potatoes: Scrub the potato skins and slice the potato into small bite-sized pieces. Place in a bowl and drizzle over the garlic infused oil, sprinkle with thyme and oregano, then season with salt and pepper. Gently toss until the potato is evenly coated. Then place in the lined roasting pan. | Crumb the chicken: Slice the chicken breast into evenly-sized chunky strips. Mix the mayonnaise, dried chives, and chopped parsley in a shallow bowl. Next, mix the breadcrumbs, salt and black pepper in a separate bowl. Lightly roll each chicken tenderloin in the mayo batter and then into the breadcrumb mix. Place the crumbed chicken on the prepared wire rack in the roasting tray. Repeat until all chicken pieces are covered. | Bake the chicken and potato: Pop the potato and chicken in the oven and bake for 20-25 minutes until the potatoes are golden and crispy and the chicken is golden and cooked through. | Prep the salad: While the potato and chicken cook, prep the remaining ingredients. Slice the iceberg lettuce and peel and chop the cucumber. Grate the cheese. Pop the lettuce, cucumber and cheese into a salad bowl. | Make the maple mustard dressing: Mix the mayonnaise, Dijon mustard and maple syrup in a small bowl and season with black pepper. | Once the chicken and potato are cooked, remove them from the oven. Allow to cool for a few minutes, then slice the chicken into bite-sized pieces. | Assemble the salad: Add the potato and chicken to the salad bowl, toss gently to combine and drizzle in maple mustard dressing. Sprinkle with a little bit of chopped parsley if desired!",2780.0,40.81,40.31,36.29,5.48,5.3,True,ok
Peanut Butter Chocolate Crunch Bars,https://www.monashfodmap.com/recipe/peanut-butter-chocolate-crunch-bars/,Serves: 5 servings,Cook: 30 minutes,4,A new Monash FODMAP Certified recipe from A little Bit Yummy,5 servings,PT15M,PT30M,PT45M,PEANUT BUTTER CHOCOLATE CRUNCH BARS | ½ cup smooth peanut butter | ¼ cup maple syrup | 1 tsp vanilla extract | 5 rice cakes | CHOCOLATE TOPPING | ½ cup dark chocolate chips | 3 tsp coconut oil | ¼ tsp sea salt,"Line a 14 cm by 23 cm (5.5 inch by 9 inch) baking loaf pan with baking/parchment paper. | Mix the peanut butter, maple syrup, and vanilla in a small bowl until smooth and well combined. | Crumble the rice cakes into a large bowl. Pour over the peanut butter mixture and combine using a wooden spoon. The crunch mixture should stick together in large clumps. | Transfer the peanut butter crunch mixture to the lined pan and evenly spread using a spoon. Lay another piece of baking/parchment paper on top of the crunch base, and firmly press the mixture into the pan using your hands. Firmly pressing the mixture into the pan will help stop it from crumbling when you cut it. Remove the baking/parchment paper. | Place the dark chocolate chips and coconut oil in a microwave-safe bowl. Melt the chocolate in 20 second bursts, stirring each time, until smooth. | Pour the chocolate evenly over the top of the peanut butter crunch base. Sprinkle with sea salt and place in the freezer for 30 minutes to set. | Cut into 5 crunch bars and enjoy!",1474.0,7.04,33.49,21.36,2.05,22.15,True,ok
Easy Low FODMAP Beef Tacos with Homemade Slaw,https://www.monashfodmap.com/recipe/easy-low-fodmap-beef-tacos-with-homemade-slaw/,Serves: 4,Cook: 15 minutes,4,Say hello to these easy Monash FODMAP Certified low FODMAP beef tacos! These beef tacos are super tasty and are perfect for a quick weeknight meal or a fun taco night with the family.,4,PT15M,PT15M,PT30M,"HOMEMADE SLAW | Iceberg lettuce | Red cabbage | Carrot | spring onion / green onion (green leaves only, finely chopped) | Lemon juice | Season with salt and pepper | TACO SPICE MIX | Dried oregano | Paprika | Smoked paprika | Ground cumin | Ground coriander | Chilli powder (optional) | Salt | Black pepper | BEEF MIX | Lean ground beef | Garlic infused oil | Leek (green leaves only, finely chopped) | Green bell pepper / capsicum (diced) | Tomato paste | Water | TO SERVE | Hard shell corn tacos (3 taco shells per serving) | Sour cream or mayonnaise | cheddar, Colby or vegan cheese (grated) | Fresh coriander/cilantro (optional, chopped)","Make the slaw: Wash and finely slice the iceberg lettuce and red cabbage. Peel and grate the carrot. Finely slice the green leaves of the spring onion/green onion. Place the slaw ingredients in a bowl and add a squeeze of lemon juice. Season with salt and pepper, then mix well. | Make the taco spice mix: In a small glass or bowl mix the oregano, paprika, smoked paprika, cumin, ground coriander, chilli powder, salt and black pepper. | Prep the beef ingredients: Deseed and dice the green bell pepper/capsicum and finely chop with green leek leaves | Cook the beef: Place a larger non-stick frypan over medium-high heat. Once hot add the garlic infused oil and brown off the beef with the green bell pepper/capsicum and leek leaves until the beef is slightly crispy. Next, add the taco spice mix and fry for 1 minute until fragrant. Then add the tomato paste and water and mix well. Turn down the heat to medium-low and allow to gently simmer until the liquid evaporates. | Heat the corn tacos according to the packet instructions. | Assemble the tacos: Fill each taco shell with a mixture of coleslaw and beef, then top with a dollop of sour cream or mayonnaise and cheese. Garnish with fresh coriander/cilantro if desired. Serve any extra beef and slaw on the side. Enjoy!",2691.0,37.78,26.77,41.08,7.68,7.8,True,ok
Tomato Basil Spaghetti Squash with Pumpkin Seeds,https://www.monashfodmap.com/recipe/tomato-basil-spaghetti-squash-with-pumpkin-seeds/,Serves: 4,Cook: 45 minutes,4,Recipe by Kate Scarlata,4,PT10M,PT45M,PT55M,"1 medium Spaghetti Squash | 2 tbsp Garlic Infused Olive Oil | 1 cup Canned Tomatoes, drained | ¼ cup Pumpkin Seeds (Pepitas), roasted | ¼ cup Parmesan Cheese | 8 large Basil Leaves, chopped | Salt and Pepper, to taste","Preheat oven to 190 C/375 F | Cut unpeeled squash in half horizontally. Using a spoon or fork, scrape out the seeds and attached strands. | Brush the inside of each squash half evenly with garlic oil. | Place the sliced side of each squash down on a cooking sheet and place in pre-heated oven. Bake for 45 minutes or until you can easily pierce with fork. | Remove squash from oven and let cool until easy to handle. | With a fork, scrape out the spaghetti-like strands into a medium size bowl. | Fold in diced tomatoes. | Evenly distribute squash into serving dishes and garnish with pumpkin seeds, Parmesan and basil leaves.",936.13,5.7,7.0,16.3,3.5,3.4,True,ok
Vegan Chocolate Chia Pudding,https://www.monashfodmap.com/recipe/vegan-chia-pudding/,Serves: 2,Cook: 0,4,Vegan and Low FODMAP Recipe Ideas by Melissa D&#x27;Elia (APD),2,PT2M,PT0M,PT2M,Chia Seeds | Almond Milk | Maple Syrup | Vanilla Soy Yoghurt | Cocoa Powder | Vanilla Essence | Toppings: | Blueberries | Cacao Nibs,"Mix chia seeds and almond milk together in a large bowl. Next add the cocoa powder, soy yoghurt, vanilla extract and maple syrup. Continue to stir until the mixture begins to thicken. | Place in fridge for 2-3 hours or overnight. | Top with blueberries and cacao nibs.",1525.0,10.0,36.0,16.0,16.0,29.0,True,ok
Vegan Soba Noodle Salad,https://www.monashfodmap.com/recipe/vegan-soba-noodle-salad/,Serves: 2,Cook: 20 minutes,4,Vegan and Low FODMAP Recipe Ideas by Melissa D&#x27;Elia (APD),2,PT10M,PT20M,PT30M,"Soba Noodles, uncooked | Firm Tofu (calcium set) | Edamame | Carrots | Cucumber | Sesame Seeds (for garnish) | Garlic Infused Olive Oil | For the Dressing | Tamari | Garlic Replacer | Maple Syrup | Rice Wine Vinegar | Minced Ginger | Chilli (optional - to taste)","Slice tofu into thin cubes. Heat a large fry pan with olive oil and add the tofu. Allow to cook 4-5 minutes before flipping it over to the other side and cooking. Add a dash of tamari and a drop of sesame oil and allow to cook for a further minute. | Chop carrot and cucumber into thin slices and set aside. | Add soba noodles and edamame beans into a pot of boiling water and cook for 4-5 minutes. Drain and rinse under cold water. Set aside. | Prepare the dressing by mixing the tamari, maple syrup, sesame oil, rice wine vinegar and ginger into a bowl. Add chilli if desired/tolerated. | In a large bowl, add the noodles, vegetables and tofu and pour the dressing over the top. Sprinkle with a garnish of sesame seeds.",2267.0,30.0,58.4,20.8,11.0,19.0,True,ok
Vegan Crispy Lemongrass Tempeh with Rice,https://www.monashfodmap.com/recipe/vegan-crispy-tempeh/,Serves: 2,Cook: 10 minutes,4,Vegan and Low FODMAP Recipe Ideas by Melissa D&#x27;Elia (APD),2,PT20M,PT10M,PT30M,Tempeh | Basmati Rice (to serve) | For the Flour Mix | Corn Flour | Salt &amp;amp; Pepper | For the Batter: | Gluten-Free Flour | Water | Powdered Low FODMAP Stock | Minced Lemongrass | For the Coating: | Panko Breadcumbs | For the Lemongrass Oil | Minced Ginger | Garlic Replacer | Minced Lemongrass | Spring Onion (green tips only) | Rice Bran Oil,"Make the batter by mixing gluten-free flour, water, stock and lemongrass together, set aside. | Prep the lemongrass oil mixture by mixing ginger, garlic replacer, spring onion and rice bran oil together and set aside. | Coat the tempeh into the flour mix on all sides, then dip into the batter also making sure to coat each side well. | Dip the tempeh into the panko breadcrumbs. | In a frying pan, heat the lemongrass oil mixture. Once hot, add the tempeh and fry until golden on all sides. Set aside and continue to fry the rest of the pieces. | Serve with rice, extra spring onions (green tips only) and optional low FODMAP sweet chilli sauce for dipping.",3210.0,20.0,64.0,24.1,6.0,1.0,True,ok
Blueberry Popsicles,https://www.monashfodmap.com/recipe/blueberry-popsicles/,Serves: 10,Cook: 4 hours,5,A healthy treat perfect for a hot summer&#x27;s day!,10,PT5M,PT240M,PT245M,2 cups lactose-free yoghurt | 1 cup lactose-free milk | 2 cups blueberries (fresh or frozen) | 1 tsp cinnamon | 1 tbsp maple syrup | 1/2 tsp vanilla essence,"Place all ingredients in a blender and blend until smooth | Pour the mixture into popsicle/icy pole moulds, insert sticks and freeze for approximately 4 hours or until set.",382.3,4.0,12.1,2.7,1.2,11.7,True,ok
Pulled Pork Burrito Bowl,https://www.monashfodmap.com/recipe/pulled-pork-burrito-bowl/,Serves: 6,Cook: 7 hours,5,"This tasty, Mexican inspired dish is one for the whole family.",6,PT30M,PT420M,PT450M,"pork shoulder, string removed | 1.5 tbs paprika | 1 tbs cumin | 2 tsp ground coriander | 2 cups brown rice, raw | 1 cup red cabbage, shredded | feta, crumbled | cherry tomatoes, chopped in half | 1 cup corn kernals | 1/4 cup lime juice + extra lime wedges to garnish | 1/2 bunch coriander (cilantro) leaves | 1 small fresh Jalapeno chilli, thinly sliced (optional to garnish for extra spice if desired)","Add all spices to a bowl and stir to combine. Rub spice mix all over pork. Place pork in a slow cooker, pour 2/3 cup of water around the pork and cook for 8hrs on low setting, or until pork is very tender. Discard skin. If using an oven, see notes below. | When pork is tender, cook brown rice according to packet instructions. | Divide rice and pork evenly across serving bowls. Top with cabbage, tomatoes, corn, feta, lime juice, coriander, and jalapeno, if using.",2722.0,74.8,44.7,17.0,6.5,3.5,True,ok
Parmesan & Thyme Roasted Parsnips,https://www.monashfodmap.com/recipe/parmesan-thyme-roasted-parsnips/,Serves: 8,Cook: 40 minutes,5,A great side dish option for all your festivities over the holiday season!,8,PT20M,PT40M,PT60M,"6 tbsp polenta (cornmeal) | Parmesan, grated | 1 tbsp thyme leaves | Parsnips, quartered and core removed | 6 tbsp olive oil | Parsley, roughly chopped","Preheat the oven to 220C/430F | Combine the polenta, parmesan and thyme in a large bowl, and set aside. | Bring a pot of salted water to the boil, add the parsnips and cook for 6 mins or until just tender. Drain. | While parsnips are still hot, toss in the parmesan mixture to coat. | Set a roasting tin over the stove top and heat up the olive oil. Add the parsnips and coat in the oil. | Move the tin to the oven and roast for 30 mins, turning halfway through | Sprinkle with parsley and serve",1423.75,9.94,28.91,18.7,8.47,10.29,True,ok
Sweet Potato and Feta Frittata,https://www.monashfodmap.com/recipe/sweet-potato-and-feta-frittata/,Serves: 4,Cook: 45 minutes,5,Quick and easy lunch option that only uses 6 main ingredients!,4,PT10M,PT45M,PT55M,"6 eggs | 1/2 cup lactose free milk | Feta | 1 cup chopped sweet potato | 1/2 zucchini, grated | 1 cup spinach, loosely packed | Paprika (or spice of choice) | Rosemary (or herb of choice)","Preheat oven to 180 Celsius/355 Fahrenheit and prepare a 20cm pan lined with baking paper. | Add chopped sweet potato to a microwave-safe bowl and microwave for 1-2 minutes until slightly softened. | Add sweet potato, feta, zucchini and spinach to the prepared pan. | Whisk together eggs, milk, paprika and rosemary and pour into the pan over the vegetable mix. | Bake for 45 minutes.",837.9,14.7,6.6,12.4,1.6,3.9,True,ok
Cranberry Sauce,https://www.monashfodmap.com/recipe/lowfodmap-cranberry-sauce/,Serves: 10,Cook: 15 minutes,5,The perfect pairing for your roast turkey this Thanksgiving!,10,PT5M,PT15M,PT20M,Fresh or frozen cranberries | 1 cup of sugar | 1 cup of water | 1/4 tsp cinnamon | Pinch of nutmeg,"Add the water and sugar into a saucepan on medium-high heat and bring to a boil. Stir until the sugar is dissolved. | Add the cranberries to the saucepan and bring to a boil. | Turn the heat to low and simmer for 5-10 minutes until the majority of cranberries have burst. | Remove from heat and mix in the cinnamon and nutmeg | Let the sauce cool completely, then transfer to a bowl and store in the refrigerator until ready to serve.",390.0,0.21,22.75,0.06,1.48,22.7,True,ok
Cornbread,https://www.monashfodmap.com/recipe/cornbread/,Serves: 10,Cook: 30 minutes,5,The perfect side to your thanksgiving feast!,10,PT15M,PT30M,PT45M,"¾ cup cornmeal/polenta | 1½ cups gluten free flour | 1 tbsp baking powder | ⅓ cup white sugar | 1 tsp salt | 1 cup creamed corn | Melted butter, cooled slightly | 2 eggs, lightly whisked | ¾ cup lactose-free milk","Preheat the oven to 200°C/425°F and grease a 9 inch baking pan with cooking spray or baking paper. | Mix together the polenta, gluten free flour, baking powder, white sugar and salt in a large bowl. | In a separate smaller bowl, mix together the creamed corn, melted butter, whisked eggs and lactose-free milk. | Pour the wet batter into the dry ingredients and mix until combined. | Pour the batter into the prepared tray and bake for 25-30 minutes or until the middle comes out clean. | Cool for 10 minutes and serve.",1215.8,4.6,39.5,12.4,1.6,9.8,True,ok
Pumpkin Pie,https://www.monashfodmap.com/recipe/pumpkin-pie/,Serves: 10,Cook: 55 minutes,6,A thanksgiving classic! This low FODMAP pumpkin pie can be made with canned or fresh pumpkin puree and will go down a treat!,10,PT30M,PT55M,PT85M,Pastry | 1 1/4 cup gluten free flour | 1/4 tsp salt | 6 tbsp cold butter | 4-6 tbsp ice cold water | Filling | 1 3/4 cups canned pumpkin | ½ cup brown sugar | ⅓ cup white sugar | 2 tsp cinnamon | 1 tsp ground ginger | ¼ tsp ground cloves | Pinch of nutmeg | 1 ⅓ cups lactose free heavy cream | 2 eggs plus 1 extra egg yolk,"To prepare the pastry, add gluten-free flour and salt to a large mixing bowl and whisk to combine. Add the cold butter in and work gently with your fingers until the mixture resembles fine breadcrumbs | Next add ice cold water one tablespoon at a time and use a wooden spoon to stir. Only add as much water as you need to help it come together. | Once a loose dough is formed, bring together with your hands into a 1/2 inch thick disc. Wrap with plastic wrap and refrigerate for a minimum 30 minutes, up to 2 days. | To roll out the pastry, lightly flour a clean surface - Use a rolling pin to gently roll it into the shape of your pie pan. If it starts to crack or come apart, don’t stress – you can fix it with your hands once you get it in the pan. | Gently transfer the crust into the pie tin so the edges just overhang the tin - gently work the crust into the tin until it&#x27;s shaped well - any cracks or holes can be mended with any extra dough from the overhang | Preheat oven to 170 degrees celcius/335 fahrenheit | To make the filling, whisk together the canned pumpkin, sugars and spices in a mixing bowl | Add cream to the mixture and whisk to combine | Whisk eggs in one at a time, mixing just enough to incorporate. | Pour filling into prepared pie crust and transfer to oven | Bake for 45 - 55 minutes or until the centre is set but still has a slight jiggle | Once done, cool on a wire wrack for 3 or so hours before cutting into slices to serve",1427.0,3.59,28.61,23.17,4.65,15.46,True,ok
Cookie Dough Bliss Balls,https://www.monashfodmap.com/recipe/cookie-dough-bliss-balls/,Serves: 12,Cook: No cooking required,6,A delicious treat with only 5 ingredients!,12,PT5M,PT0M,PT5M,1/2 cup peanut butter | 1 1/2 cups almond meal | 3 tbsp maple syrup | 1 tsp vanilla essence | 1/3 cup dark chocolate chips,"Mix the peanut butter, almond meal, maple syrup and vanilla in bowl until a dough like consistency is formed | Carefully fold through the chocolate chips | Roll into 12 balls and refrigerate for an hour before serving - can also be frozen",860.0,5.9,9.9,15.7,2.0,8.13,True,ok
Tofu Vermicelli Bowl with Peanut Sauce,https://www.monashfodmap.com/recipe/tofu-vermicelli-bowl-peanut-sauce/,Serves: 1,Cook: 10 minutes,6,Simple and delicious summer lunch option!,1,PT10M,PT10M,PT20M,"1 nest of vermicelli noodles, uncooked | 1/2 cup firm tofu, cubed | 1/3 cup red cabbage, shredded | Half a carrot, thinly sliced | 1/4 cup edamame beans | 1 tbsp peanuts, roughly chopped | 1 tbsp spring onion, green tops only, chopped | Sauce: | 1 tbsp peanut butter | 1 tbsp soy sauce | 1 tsp sesame oil | 1 tsp maple syrup | 1 tsp sriracha | 1 tsp water","Cook noodles according to package instructions and set aside | Heat a teaspoon of oil in a small frying pan and add tofu cubes, cook for 5 minutes, turning until all sides have browned then set aside | To make sauce, whisk together the soy sauce, peanut butter, sesame oil, maple syrup, sriracha and water (add more or less water depending on how runny you&#x27;d like it) | In a bowl, add the noodles, shredded cabbage, carrot, edamame and firm tofu | Drizzle over the peanut sauce and top with chopped peanuts and spring onion tops",2929.0,30.6,68.8,30.8,12.7,11.9,True,ok
Pizza dough + 8 topping ideas!,https://www.monashfodmap.com/recipe/pizza-dough-8-topping-ideas/,Serves: 4,Cook: 15 minutes,6,"Forget the takeaway, homemade is always best! We&#x27;ve got a delicious and quick low FODMAP pizza dough recipe for you",4,PT15M,PT15M,PT30M,2 1/2 cups gluten free flour | 3 tsp baking powder | 1 tsp salt | 3/4 cup water | 1 tbsp olive oil,"In a large mixing bowl, combine flour, baking powder and salt | Slowly add in water and oil and use a wooden spoon to stir until a dough begins to form (dough should be soft, not sticky). Add more water or flour until the right consistency is achieved | Lightly flour work area and knead dough for 5-10 minutes | Divide dough into 4 equal portions. Spread dough using hands onto a prepared oven tray lined with baking paper to form 4 small pizza bases | Bake pizza bases at 180 degrees celcius/355 farenheit for 10 minutes until lightly browned | Add your toppings of choice onto the pizza bases (see ideas below!) and cook in the oven for approximately 10 minutes",1518.7,3.64,73.0,5.6,1.1,0.5,True,ok
Pumpkin Bread,https://www.monashfodmap.com/recipe/pumpkin-bread/,Serves: 10,Cook: 55 minutes,6,This homemade low FODMAP pumpkin bread is our new favourite fall recipe!,10,PT15M,PT55M,PT70M,"2 cups gluten free all-purpose flour | 1 tsp baking soda | ½ tsp baking powder | ½ tsp salt | ¼ tsp ground ginger | ¼ tsp ground nutmeg | 1 tsp ground cinnamon | ½ cup butter, melted | 1 cup white sugar | 1 cup canned pumpkin* | 1/4 cup sour cream | 2 eggs | 1 tsp vanilla extract | 1/4 cup pumpkin seeds","Preheat the oven to 350° fahrenheit/180° celsius and line a loaf pan with baking paper and grease with cooking spray | In a bowl, combine the flour, baking soda, baking powder, salt, cinnamon, ginger and nutmeg | In a separate mixing bowl beat the melted butter, sugar, canned pumpkin, sour cream, eggs, and vanilla with an electric mixer | Gently fold the dry ingredients into the wet ingredients until just combined. Pour batter into the pan then sprinkle over the pumpkin seeds | Bake for 50-60 minutes, or until a metal skewer inserted into the centre comes out clean",1211.0,3.8,41.1,12.3,1.1,20.0,True,ok
Spicy vodka pasta,https://www.monashfodmap.com/recipe/spicy-vodka-pasta/,Serves: 2,Cook: 10 minutes,6,Spice up your home cooking with this irresistible low FODMAP spicy vodka pasta!,2,PT10M,PT10M,PT20M,"250g low FODMAP pasta | 2 tbs garlic infused olive oil | 1/4 cup tomato paste | 1/3 cup reduced fat cream (lactose-free if necessary) | 1/4 cup vodka | 1 tsp chilli flakes | 1 tsp butter | 1/4 cup parmesan cheese | Basil leaves, to serve | 1/2 cup spring onion greens","Bring a large pot of salted water to the boil and cook pasta until al dente. | In a large pan or saucepan over medium heat, heat the olive oil. Add tomato paste and cook for 1-2 minutes. | Add in the cream and vodka, and cook for 2 minutes. Add the red chilli flakes and butter and stir for a minute or until the butter has melted through. | Add 2 tbs of water if the sauce appears too thick, then stir through the parmesan cheese. Stir in the cooked pasta until well combined. | Serve immediately and garnish with spring onion greens, basil, salt and pepper.",3374.8,15.9,88.2,34.9,5.4,6.8,True,ok
Choc Peanut Butter Smoothie,https://www.monashfodmap.com/recipe/choc-peanut-butter-smoothie/,Serves: 1,Cook: 5 minutes,7,"This deliciously, creamy choc peanut butter smoothie is sure to hit the spot!",1,PT5M,PT5M,PT10M,1 slightly green banana | 2 tbsp peanut butter | 1/2 cup unsweetened almond milk | 1/4 cup lactose free yoghurt | 1 tbsp cacao powder | 1/2 tsp vanilla essence,Add all ingredients into a blender and blend until smooth and creamy. Serve immediately!,2170.0,17.07,36.59,32.25,7.4,25.76,True,ok
3-Ingredient Flatbread,https://www.monashfodmap.com/recipe/3-ingredient-flatbread/,Serves: 12,Cook: 15 minutes,7,The easiest flatbread you&#x27;ll ever make! Perfect paired with a Low FODMAP curry or sliced up to have with dip!,12,PT20M,PT15M,PT35M,Gluten Free Plain Flour | Lactose free yoghurt | 1 tsp baking powder | Oil for cooking,"Add all ingredients to a mixing bowl and stir with a wooden spoon to combine, then use your hands to bring everything together | Dust your bench top with flour, tip dough out and knead for a minute or 2 | Roll dough out into a long tube and cut into 12 equal sized pieces | With your hands, flatten out the dough, then use a rolling pin to roll each piece into thin rounds | Heat oil in a fry pan over medium heat and cook each round for 1 -2 minutes on each side until browned",520.3,2.4,25.5,1.2,0.3,2.8,True,ok
Spanakopita,https://www.monashfodmap.com/recipe/spanakopita/,Serves: 8,Cook: 40 minutes,7,"A delicious Greek classic, with crunchy layers of phyllo pastry and a comforting filling of spinach, feta and herbs",8,PT20M,PT40M,PT60M,"English spinach leaves (stalks removed) | 2 tbsp olive oil | 2 cups leek greens, roughly chopped | 1 cup spring onion greens, roughly chopped | Feta cheese, shredded/crumbled | Dill, roughly chopped | Mint leaves, roughly chopped | 2 eggs, beaten | Zest of 1 lemon | Pinch of nutmeg | Filo pastry (about 12 sheets) | Oil, for greasing pastry","Preheat the oven to 200°C/392°F. Grease the 30 x 25cm tin with oil. Using half of the filo pastry for the bottom, line each sheet of pastry down so that the excess is overhanding. Brush or spray each sheet as you go with olive oil spray or using a pastry brush. | Chop the spinach and wash thoroughly – bathe the spinach in water using a colander and sprinkle some salt on top. Change the water 2 times for an extra thorough clean. Squeeze all of the water out of the spinach and set aside. | Place the olive oil, leek and spring onion greens in a medium sized pan and on low to medium heat. Cook until softened and set aside. | Add spinach, leek &amp;amp; spring onion greens, feta, herbs, eggs, lemon zest, and nutmeg into a bowl and mix well. Spoon in the filling into the pre-prepared tray. | Repeat the layering process with the leftover fillo pastry, brushing with oil in between each sheet. Make sure the top layer has enough oil. Cook for 30-40 minutes or until golden. Serve immediately.",1413.5,14.8,22.4,20.1,5.3,14.8,True,ok
Smokey eggplant dip,https://www.monashfodmap.com/recipe/smokey-eggplant-dip/,Serves: 8,Cook: 35 minutes,7,A delicious veggie based dip that the whole family can enjoy!,8,PT30M,PT35M,PT65M,"eggplant | lemon juice | tahini | ground cumin | garlic-infused extra virgin olive oil | Salt and pepper, to taste | Sprinkle of smoked paprika | Fresh herbs (such as coriander or parsley), roughly chopped, to serve","Preheat oven to 200°C (390°F). Line a large baking tray with baking paper. Place whole eggplant onto tray and prick skin all over with a fork. Roast for 35-40 minutes or until eggplant is soft. Set aside to cool. | Once eggplant has cooled, cut it in half lengthways. Using a large spoon, scoop out the flesh onto a chopping board. Roughly chop then transfer to a mixing bowl. | To the mixing bowl, add 2 tablespoons of lemon juice, tahini, cumin, 1 tablespoon of the garlic-infused oil and salt and pepper. Mash into eggplant until well combined. | To serve, spoon dip into a serving bowl. Drizzle with remaining garlic-infused oil and sprinkle with smoked paprika and chopped fresh herbs.",310.0,2.0,1.0,7.0,2.6,1.0,True,ok
Chicken Broccoli Pasta Bake,https://www.monashfodmap.com/recipe/chicken-broccoli-pasta-bake/,Serves: 6,Cook: 30 minutes,7,Everyone in the family will love this winter warmer!,6,PT20M,PT30M,PT50M,"1 tbsp garlic infused olive oil | 500g chicken breast, diced | pasta, gluten free | 3 cups broccoli florets | 2 cups kent/japanese pumpkin, diced | 1/4 cup butter | 1/4 cup gluten free flour | 1 cup low FODMAP chicken stock | 1 cup lactose-free milk | 1 cup mozzarella, shredded","Preheat the oven to 180°C / 350°F and grease a casserole dish. Heat the garlic infused olive oil in a large frying pan and cook the pieces of chicken for 6 minutes or until just cooked. Once cooked, set aside. | Meanwhile, bring a large pot of boiling water to the boil for the pasta. Add the pasta and cook as per the instructions on the packet. Once the pasta has 1-2 minutes left, add the pumpkin and broccoli and cook with the pasta. Drain the pasta and vegetables and keep in the same pot. | Melt the butter over medium heat, whisk in the flour, stirring continuously. Slowly add in the chicken stock and milk, whisking continuously until thickened. Remove from the pan and stir in ½ cup of the mozzarella until well combined. Pour the sauce into the large pot with the vegetable and pasta mix. Add in the chicken and stir. | Pour the combined pasta, chicken and vegetable mix into the pre-prepared casserole dish. Top the dish wish the remaining mozzarella and bake for 25 minutes.",1862.8,29.8,35.9,19.2,3.4,3.9,True,ok
"Roasted Sweet Potato, Quinoa and Fried Egg Lunch bowl",https://www.monashfodmap.com/recipe/roasted-sweet-potato-quinoa-and-fried-egg-lunch-bowl/,Serves: 2,Cook: 30 minutes,7,"Protein packed, easy to make lunch bowl!",2,PT5M,PT30M,PT35M,"Half a medium sweet potato, cut into cubes | 1 tsp smoked paprika | 1 tsp olive oil | 1/2 cup quinoa uncooked | 1 cup Low FODMAP vegetable or chicken stock | 4 eggs | 1 tbsp butter | Salt and pepper to taste","Preheat the oven to 200C. Line a tray with baking paper and toss the sweet potato cubes with the smoked paprika and olive oil. Roast for 25 minutes or until golden brown. | In the meantime, place quinoa into a small saucepan with the stock (or water) over medium heat. Bring to a boil, then lower heat and simmer until cooked through (approx. 15 minutes) | In a large fry pan, melt the butter over medium heat. Crack eggs into the pan one at a time and cook for approximately 3 minutes, or until white is completely set. Remove from the heat and set aside | Divide the quinoa and sweet potato into 2 bowls and stir to combine. Add eggs on top and season with salt and pepper to taste.",1885.0,20.34,39.5,22.03,7.14,6.64,True,ok
Roast Pumpkin & Thyme Risotto,https://www.monashfodmap.com/recipe/roast-pumpkin-thyme-risotto/,Serves: 4,Cook: 35 minutes,8,"Creamy, delicious risotto paired with roast pumpkin, thyme &amp; feta",4,PT20M,PT35M,PT55M,"Kent/Japanese pumpkin, peeled, seeded, cut into 2cm cubes | 3 cups Low FODMAP Vegetable Stock | 1 tbsp garlic infused olive oil | 1 tbsp fresh thyme leaves, chopped + extra for serving | Arborio Rice, uncooked | 2/3 cup white wine | 1/4 cup pepitas (pumpkin seeds) | Feta, crumbled","Preheat the oven to 200°C. Place the pumpkin on a lined baking tray, drizzle with garlic-infused olive oil, season to taste, and roast for 25 minutes or until soft. | Meanwhile, add vegetable stock to a small saucepan and bring to the boil, reduce heat to low and hold at a simmer | Heat 1 tbsp of garlic infused olive oil over medium heat in a heavy based saucepan. Add the thyme leaves and let cook for 1 minute. Stir in the rice for 1 minute and then pour in the white wine and cook, stirring, until the wine reduces by half. | Add half a cup of the stock to the rice and stir with a wooden spoon until the liquid is absorbed. Keep adding the stock ½ cup at a time, stirring constantly and allow the liquid to be absorbed before adding more stock. Continue this for approximately 15 minutes | Add the roasted pumpkin to the mix along with any stock that is left, and cook stirring for a further 5 minutes until the rice is tender and risotto is creamy | Turn off the heat, cover and let stand for 5 minutes | Stir through the pepitas and feta before serving, divide amongst bowls and top with fresh thyme leaves.",1938.4,10.2,57.6,16.2,5.2,9.3,True,ok
Rice Paper Rolls with Peanut Dipping Sauce,https://www.monashfodmap.com/recipe/rice-paper-rolls-peanut-dipping-sauce/,"Serves: 8 rolls, 2 per serve",Cook: 10 minutes,8,"Made with a variety of veggies, firm tofu and rice noodles, these delicious rolls are the perfect healthy lunch and surprisingly simple to make!","8 rolls, 2 per serve",PT15M,PT10M,PT25M,"Dried vermicelli noodles | Firm tofu | 2 tbsp sesame oil | 2 tbsp cornstarch | 1 large carrot, grated | 1/2 a cucumber, thinly sliced | 1 cup red cabbage | 1/4 cup coriander leaves | 8 rice paper wrappers | Dipping Sauce: | 1/3 cup peanut butter | 2 tbsp rice wine vinegar | 2 tbsp soy sauce | 1 tbsp maple syrup | 1 tbsp sesame oil | 2 to 3 tbsp water, as needed","Place vermicelli noodles into a bowl and cover with boiling water. Let stand until the noodles are soft and then drain. Cut noodles into short lengths with kitchen scissors. | Meanwhile, heat 2 tbsp sesame oil in a fry pan over medium heat and slice tofu into small rectangles. Toss the tofu in the cornstarch and add to the fry pan, flipping on all sides until evenly browned, approximately 5 minutes. Remove from the pan and set aside. | Soak rice paper wrappers in cold water until soft and pliable. | Add a small handful of vermicelli noodles and layer carrot, cucumber, red cabbage, coriander and tofu on top. Gently roll over once, tuck in the edges, and continue rolling until the seam is sealed. | Repeat with remaining wrappers, noodles, vegetables and tofu. | To make the dipping sauce, whisk together the peanut butter, rice vinegar, soy sauce, maple syrup and sesame oil. Whisk in 2 - 3 tbsp of water as needed to make a smooth, creamy sauce. | Serve rice paper rolls with dipping sauce.",2246.3,16.8,44.5,30.6,7.9,12.5,True,ok
"Roasted Pumpkin, Quinoa and Beetroot Salad",https://www.monashfodmap.com/recipe/roasted-pumpkin-quinoa-and-beetroot-salad/,Serves: 2,Cook: 35 minutes,8,Thought beetroot was off the menu? Think again! A 2 slice serve of cooked beetroot is actually low in FODMAPs and works perfectly in this simple salad!,2,PT5M,PT35M,PT40M,"1 cup of Japanese Pumpkin, cubed | 4 slices raw beetroot | Half a medium zucchini, cut into 1cm slices | ½ cup uncooked quinoa, rinsed | 2 tbsp crumbled feta | 2 tbsp fresh parsley leaves, roughly chopped | 2 tsp balsamic vinegar | 2 tsp olive oil","Preheat oven to 200 degrees Celsius/390 degrees farenheit. Add pumpkin, beetroot and zucchini to a baking tray, drizzle with olive oil and roast for 35-40 minutes | Meanwhile, cook quinoa according to package instructions and set aside | Once vegetables have finished roasting, divide the quinoa, pumpkin, beetroot and zucchini evenly across two bowls or containers. | To serve, top with feta and parsley, then drizzle with balsamic vinegar and olive oil",1193.6,9.2,33.4,10.9,7.0,7.4,True,ok
Chicken Madras Curry,https://www.monashfodmap.com/recipe/chicken-madras-curry/,Serves: 4,Cook: 30 minutes,8,Packed full of flavour and perfect for a cosy winters night!,4,PT20M,PT30M,PT50M,"2 tbsp olive oil | 2 tbsp garlic infused olive oil | 1 tsp cinnamon | 1 tbsp ginger, finely chopped | 1 tsp turmeric | 1 tsp cumin seeds | 1 tsp ground coriander | 1 tsp garam masala | 1/2 tsp cayenne pepper | Chicken thigh fillets, cut in half | 8 fresh curry leaves | 2 medium tomatoes, roughly chopped | 1/3 cup coconut milk, canned | 1/4 cup coriander, roughly chopped","Heat the regular olive oil in a large saucepan over medium heat. Place the ginger and cinnamon in the pan and cook for 1 minute. Add in the garlic infused olive oil, turmeric, cumin, ground coriander, garam masala, cayenne and curry leaves. Cook for 5 minutes, stirring constantly. | Add the chicken thighs to coat, and cook for 3 minutes. Stir in the roughly chopped tomatoes and cook for 15 minutes. | Add the coconut milk and stir, simmer for 1-2 minutes, then remove from heat.",1752.9,25.3,4.1,33.5,1.8,2.5,True,ok
Carrot Fritters,https://www.monashfodmap.com/recipe/carrot-fritters/,Serves: 4,Cook: 15 minutes,8,A delicious way to use up those old carrots sitting in the fridge!,4,PT10M,PT15M,PT25M,"6 medium sized carrots, grated | 1/4 cup greens of spring onion | 1 tsp cumin seeds | 1 tsp coriander seeds | 1/2 cup coriander, chopped | 2 eggs, whisked (see hints for vegan options) | 1/2 cup flour, white* | 1/2 tsp sea salt | 2 tbs extra virgin olive oil | Extra herbs for garnish (e.g. dill, parsley)","In a medium sized bowl, mix together the carrots, spring onion greens, spices, coriander, flour, whisked eggs and salt. Stir until combined. | Heat 1 tbs olive oil in a medium-large sized fry pan on medium heat. Use a dessert spoon to scoop out the mixture into balls and place into the pan. Push down with the back of the spoon to flatten the balls into patties. This will need to be done in batches. Fry until golden - approximately 2-3 minutes on each side. | Once fritters are cooked, place on a plate lined with paper towel to absorb the excess oil. | Repeat step 2 for the next batch of fritters. Place the first batch of fritters in the oven at a low temperature if you wish to keep them warm while the second batch is cooking. | Serve immediately once all fritters are cooked and garnish with desired herbs.",1048.4,6.6,25.9,11.9,7.6,12.8,True,ok
Lemon Myrtle Sorbet,https://www.monashfodmap.com/recipe/lemon-myrtle-sorbet/,Serves: 10,Cook: 160 minutes,8,Perfect for a hot summer&#x27;s day!,10,PT10M,PT161M,PT171M,420ml water | 2 cups caster sugar | 400ml freshly squeezed lemon juice | 100ml freshly squeezed lime juice | Zest of 1 lemon | Zest of 1 lime | 1 tsp lemon myrtle leaf ground,"Place the water and sugar in a medium saucepan and stir over medium heat until the sugar has dissolved. Allow to cool completely. | Stir in the juices and zest of both lemon and lime, as well as lemon myrtle until combined. | Pour mix into a freezer box or large plastic container and place into the freezer. After 1.5 hrs, either use electric beaters, a fork or a whisk to break up mixture. Repeat once every hour for 4 hours to break up the ice crystals. Stop mixing when firm but still easy to scoop.",559.0,0.2,32.8,0.08,1.1,32.8,True,ok
Saltbush dukkah,https://www.monashfodmap.com/recipe/saltbush-dukkah/,Serves: 6,Cook: 15 minutes,9,"Packed full of flavour and crunch - a great accompaniment to salads, soups, veggies and dips!",6,PT5M,PT15M,PT20M,1/2 cup dried ground salt bush leaves | 1 cup finely chopped macadamias | 1/4 cup sesame seeds | 1/4 cup roughly chopped pumpkin seeds/pepitas | 2 tbs coriander seeds | 1/2 tbs cumin seeds | 1 tsp ground peppercorns,"In a fry pan, toast the macadamias, pepitas and sesame seeds for a couple of minutes, continuously stirring to ensure they do not burn. Remove from heat, and place in a bowl to cool. | Place the saltbush leaves, cumin, peppercorns and coriander seeds into the fry pan to toast for 1-2 minutes or until browned. Take off heat to cool. | Once all ingredients are cool, place into a bowl and stir well until combined.",1095.0,5.7,2.3,24.9,4.1,1.3,True,ok
Tasmanian pepperberry chimichurri,https://www.monashfodmap.com/recipe/tasmanian-pepperberry-chimichurri/,Serves: 5,Cook: 0 minutes,9,"A low FODMAP version of Argentia&#x27;s favourite sauce, using the native Australian Tasmanian Pepperberry.",5,PT10M,PT0M,PT10M,"1 cup flat-leaf parsley leaves | 1/2 cup coriander leaves | 2 tbs dried or fresh oregano | 1/4 cup garlic infused olive oil | 2-3 tbs red wine vinegar | 1/2 tsp ground pepperberry* | Pinch salt | 2 tsp lemon peel, grated finely (optional)","Combine parsley, coriander and oregano in a food processor or bullet. Pulse until the herbs are minced. If you don&#x27;t have a food processor, finely chop all of the herbs. Place into a small sized bowl. | Stir in both olive oils, red wine vinegar, pepperberry, salt, and the lemon peel, if using. Serve immediately or refrigerate.",926.0,0.9,1.4,23.2,2.7,0.4,True,ok
Kiwi Kakadu Plum Smoothie Bowl,https://www.monashfodmap.com/recipe/kiwi-kakadu-plum-smoothie-bowl/,Serves: 1,Cook: 2 minutes,9,A great way to boost your vitamin C and fibre intake for the day!,1,PT2M,PT2M,PT4M,"1 medium unripe banana | 1/2 cup your choice of low FODMAP milk | 2 green kiwi fruit, peeled | 1/2 cup chopped kale, stems &amp;amp; stalks removed | 1 tsp Kakadu plum powder* | handful of ice",Place all ingredients in a blender or smoothie maker. Add more milk or ice to your desired consistency. | Top with preferred toppings and serve immediately.,1028.0,6.4,38.8,4.9,9.0,29.6,True,ok
Chocolate Wattleseed Self-Saucing Pudding,https://www.monashfodmap.com/recipe/chocolate-wattleseed-self-saucing-pudding/,Serves: 6,Cook: 45 minutes,9,"A classic dish that we all know and love, with a twist!",6,PT25M,PT45M,PT70M,"2 tbsp wattleseeds* | 1 cup gluten-free flour | 3/4 cup caster sugar | 1/2 cup cocoa powder | 1/2 cup low FODMAP milk of your choice | 1 tsp vanilla essence | 1.5 tbsp butter, melted | 1/2 cup brown sugar | 1 3/4 cups boiling water","Preheat an oven to 180°C/356°F and prepare either an 8 cup capacity ovenproof dish or 6 x 150ml ramekins by lightly greasing with oil or butter. Soak wattleseeds in boiling water for 20 minutes, then drain. | In a medium-size bowl, combine the flour, caster sugar and 2 tbs of the cocoa powder. Add milk, vanilla, wattleseeds and melted butter - stir to combine. Pour the mixture into the prepared pan or evenly into each ramekin. Use a spoon or spatula to smooth over. | In a small bowl, mix together the remaining cocoa and brown sugar. Sift this over the prepared pan or ramekin with the mixture in it. Top the pudding with boiling water. | Bake for 30-35 minutes or until the top is firm. Stand for approximately 10 minutes before serving to cool slightly. Dust with cocoa powder and serve immediately.",1294.2,3.8,60.3,5.6,4.3,40.1,True,ok
Eggnog,https://www.monashfodmap.com/recipe/eggnog/,Serves: 4-5,Cook: 15 minutes,9,A classic Christmas cocktail that can now be enjoyed symptom free!,4-5,PT60M,PT15M,PT75M,2 cups lactose free milk | ½ tsp cinnamon | ½ tsp nutmeg | ½ tsp vanilla extract | 6 regular egg yolks | ½ cup sugar | 1 cup lactose free cream | 1 cup whiskey,"In a medium sized bowl, whisk the egg yolks with the sugar into the yolks are pale in colour. | In a small saucepan on low heat and stirring continuously, mix the milk, cinnamon, nutmeg and vanilla. Slowly bring the mixture to a simmer. | Slowly and in batches, add the hot milk mixture to the bowl with the egg yolks. Whisk well to combine. | Once all of the egg and milk have been mixed together, pour the mixture back into the saucepan over a low heat and cook until slightly thickened. | Remove saucepan from the heat and stir in whiskey and cream. Cover with a plastic wrap and place in the refrigerator to cool. | Once cool, serve and sprinkle with cinnamon or nutmeg.",2190.0,7.6,30.1,29.7,0.2,29.7,True,ok
Grapefruit Prawn Salad,https://www.monashfodmap.com/recipe/grapefruit-prawn-salad/,Serves: 4,Cook: 10 minutes,9,This festive dish can be enjoyed all the year round!,4,PT10M,PT10M,PT20M,"peeled, cooked prawns (about 16 or 800g whole prawns) | ½ pink grapefruit, peeled and segmented | 1 long green chilli, sliced | 1 bunch of mint, leaves picked | 1/2 cup coriander leaves | 2 Lebanese cucumbers, cut thinly on the diagonal | 1/2 cup shredded coconut | 1/2 cup roasted peanuts | 2 tsp caster sugar | juice of 2 limes | 2 tbsp fish sauce","In a large bowl, mix the prawns, grapefruit, chilli, herbs, cucumber, coconut and peanuts in a large bowl. | To make the dressing, mix the sugar, lime juice and fish sauce. Pour the dressing over the salad and mix together. | On a large serving tray, arrange the salad mix. Serve immediately.",1320.0,29.42,9.15,16.21,6.92,7.96,True,ok
Christmas Yoghurt Bark,https://www.monashfodmap.com/recipe/christmas-yoghurt-bark/,Serves: 5,Cook: 90 minutes,10,Get the whole family involved with this healthy festive treat!,5,PT10M,PT90M,PT100M,"2 cups plain lactose free yoghurt | 1/2 cup chopped strawberries | 2 tbsp pumpkin seeds | 30g dark chocolate, shaved or grated","Prepare a baking tray by lining it with baking paper. | Spread the yoghurt out with a spoon or spatula evenly into the baking paper until you get the desired thickness that you want your bark. Sprinkle with strawberries, chocolate and pumpkin seeds. | Place in the freezer - this will vary depending on how thick your yoghurt base is (may take anywhere between 90 minutes or you may prefer to do it overnight). | Once frozen, chop and break up into different sizes. Store into an airtight container for up to one week.",647.0,6.6,13.4,7.9,0.8,11.8,True,ok
Salmon poke bowl,https://www.monashfodmap.com/recipe/salmon-poke-bowl/,Serves: 4,Cook: 15 minutes,10,This low FODMAP poke bowl is a quick and easy way to eat a rainbow in a meal.,4,PT55M,PT15M,PT70M,"1 1/2 cups white rice or sushi rice | 2 tsp sugar | 1/4 cup rice wine vinegar | 1/4 cup soy sauce | 1 tsp wasabi powder | 2 tsp maple syrup | Sashimi-grade salmon, cut into 2cm cubes | 1 tbs sesame seeds | 4 red radish, thinly sliced | 1 continental cucumber, thinly sliced | 1 cup shredded red cabbage","Cook rice following the instructions on the packet. Combine sugar and 1/2 of the vinegar into a bowl. Once the rice had cooled slightly, mix in the vinegar &amp;amp; sugar. Leave to cool. | In a large bowl, mix the soy sauce, wasabi, maple syrup and remaining vinegar until well mixed. Add the salmon and toss gently. Cover and refrigerate for at 15 minutes. | Divide rice among bowls. Top with salmon mixture, and all of the chopped vegetables. Add sesame seeds on top as a garnish.",2094.0,25.3,68.3,12.6,2.5,6.6,True,ok
Buckwheat Crepes,https://www.monashfodmap.com/recipe/buckwheat-crepes/,Serves: 15,Cook: 15 minutes,10,The hardest part is choosing what flavour you&#x27;d like on top! Bon Appétit.,15,PT130M,PT15M,PT145M,1 cup lactose-free low fat milk | 1/3 cup water | 3 eggs | 1/2 tsp salt | 2/3 cup buckwheat flour | 1/2 cup plain white gluten free flour | 3 tbs canola oil,"Place the milk, water, eggs and salt in a blender. Cover the blender and turn on at a low speed. Add the flours and then the canola oil. Increase the speed to high and blend to one minute. | Transfer to a bowl, cover and refrigerate for one to two hours. | Place a seasoned crepe pan over medium heat. Brush with butter or oil, and when the pan is hot, remove from the heat and ladle in 3 tablespoons of batter. Swirl the pan to distribute the batter evenly, and return to heat. Cook for about 1 minute or until you can easily loosen the edges with a spatula. Turn and cook on the other side for 30 seconds. Turn onto a plate. Continue until all of the batter is ued.",383.0,3.3,8.0,5.0,0.4,1.2,True,ok
Pumpkin pie bug balls,https://www.monashfodmap.com/recipe/pumpkin-pie-bug-balls/,Serves: 12,Cook: 5 minutes,10,"To celebrate Halloween this year, re-create the delicious pumpkin spice flavour in the form of these delicious bliss balls!",12,PT5M,PT5M,PT10M,"Kent/japanese/jarrahdale pumpkin, pureed and cooled* | Chopped pecans | Coconut, desiccated | 2 tbsp pure maple syrup | 1 tbsp pumpkin spice mix** | 2 tbsp pepitas (pumpkin seeds) | Extra pumpkin seeds and pretzels for decorating","Process pecans in a food processer until finely chopped – put half aside on a plate. | Add pumpkin puree, shredded coconut, maple syrup, pumpkin spice and pepitas to the remaining pecan mixture and process in food processer until well combined | Roll mixture into balls (approx. 2 tablespoons per ball) and roll in left over pecan mix to coat | Place onto a lined tray in the fridge for 1 hour – can be stored in an airtight container in the fridge for up to a week | Add broken up pretzels as spider legs and pumpkin seeds as eyes for a spooky Halloween twist",679.0,2.4,5.1,14.4,2.6,4.5,True,ok
Pumpkin Spiced Latte,https://www.monashfodmap.com/recipe/pumpkin-spiced-latte/,Serves: 1,Cook: 2 minutes,10,"As the cooler months set in, there&#x27;s nothing better than this delicious low FODMAP pumpkin spiced latte.",1,PT2M,PT2M,PT4M,1 tsp pure maple syrup | 1 tsp canned pumpkin (or pureed pumpkin) | 1 shot coffee or espresso | 1/4 tsp cinnamon | 1/4 tsp nutmeg | 1/4 tsp ground ginger | 1/4 tsp cloves | 1 cup reduced-fat lactose-free milk (or your preferred choice of low FODMAP milk),"Add all ingredients, except for the milk into a glass and stir well to combine. | Warm up your milk, either on the stove or using a coffee machine. Pour into your glass and mix ingredient well. Serve immediately.",192.0,3.1,5.8,1.1,0.4,5.2,True,ok
Cacao peanut butter smoothie bowl,https://www.monashfodmap.com/recipe/cacao-peanut-butter-smoothie-bowl/,Serves: 1,Cook: 2 minutes,10,"Who said chocolate isn&#x27;t healthy? This bowl is full of fibre, healthy fats and most importantly, flavour!",1,PT5M,PT2M,PT7M,1 firm banana | 1 tsp cacao powder | 1 tsp maple syrup | 1 tbsp natural peanut butter | 1 tsp chia seeds | 1/2 cup lactose free milk (or your preferred low FODMAP choice of milk),Blend all ingredients in a blender and serve immediately.,1527.0,12.4,33.3,19.3,5.4,23.7,True,ok
Tahini Chocolate Chip Cookies,https://www.monashfodmap.com/recipe/tahini-chocolate-chip-cookie/,Serves: 15,Cook: 15 minutes,11,Perfect for dunking in milk or a tea - these cookies are a classic treat with a twist.,15,PT10M,PT15M,PT25M,"Butter, unsalted | Tahini, unhulled | Sugar | 1 egg | 1 tsp vanilla extract | 1 1/2 cups gluten free flour | 1/2 tsp baking soda | 1/2 tsp baking powder | 1 tsp salt | Dark chocolate chips","Preheat oven to 180°C/350°F and line a baking tray with baking paper/parchment. | In a medium/large size mixing bowl, use an electric mixer to cream the butter, tahini and sugar for 5 minutes on a medium speed. The mixture should be light and creamy in colour. | Add egg and vanilla. Mix for a further 2 minutes. | Sift flour, baking soda, baking powder and salt into the bowl with the creamy mix. Use a spoon or a spatula to mix all ingredients until well combined, forming a dough. | Fold in chocolate chips and mix until the chocolate is evenly spread throughout the dough. | Use a spoon to form the dough into about 15 balls and place on the pre prepared baking tray about 5cm apart, and press down slightly. If you have any extra chocolate chips, decorate these on the tops of the cookies. | Bake for approximately 15 minutes or until golden and brown. Allow 10-15 minutes cooling before eating.",1109.0,3.6,27.0,15.9,1.8,17.4,True,ok
"Barnyard Millet, Chicken and Vegetable Pilaf",https://www.monashfodmap.com/recipe/barnyard-millet-chicken-and-vegetable-pilaf/,Serves: 4,Cook: 20 minutes,11,"Barnyard millet is an ancient cereal used in Asia. It is very nutritious, a good source of dietary fibre and the micronutrients iron and zinc.",4,PT10M,PT20M,PT30M,"1 cup barnyard millet | 4 1/3 tbsp canola oil | 3/4 tbsp garlic infused oil | 1 cup eggplant, 1cm dice | 1 cup red capsicum, 1 cm dice | 2/3 cup tindora/ivy gourd (frozen, defrosted and drained). The gourds should be quartered lengthwise | 2 stalks curry leaves stripped off the stalk | 1 tbsp garam masala | 1 tsp turmeric | 1/2 tsp red chilli flakes | 1 tsp pepper, cacked black (to taste) | 1/2 tsp salt (to taste) | Chicken thigh, skinless and boned, 1cm dice (1 cup) | Water | 1 1/4 tsp vegetable stock powder | 1/2 cup spring onion greens | Coriander leaves for serving | Fresh lemon wedges to serve","Wash millet in cold water and drain thoroughly in a fine sieve. | Mix water with stock powder and set aside. | Heat both oils in a saucepan (preferably non-stick) that has a tight-fitting lid. Over a high heat sauté eggplant, capsicum, tindora and curry leaves, stirring constantly for about 5 minutes. Add the millet and spices and sauté for about 3 minutes then add the stock and chicken. | Once the mixture has come to the boil, reduce the heat and continue to stir for about 10 minutes then add the onion greens and salt. | Cover with the lid and let it rest for about 5 minutes. | To serve, sprinkle with fresh coriander and a big chunk of lemon or lime.",1700.0,16.8,35.0,22.3,10.1,2.5,True,ok
Maple granola,https://www.monashfodmap.com/recipe/maple-granola/,Serves: 20 1/4 cup (35g) serves,Cook: 20 minutes,11,"With a great mix of nuts and seeds this granola adds a lovely crunchy topping to cereal, porridge or yoghurt.",20 1/4 cup (35g) serves,PT5M,PT20M,PT25M,1/2 cup almonds | 1 1/2 cups rolled oats | 1/2 cup buckwheat kernels | 1/4 cup linseeds/flaxseeds | 1/4 cup sunflower seeds | 1/4 cup chia seeds | 1/4 cup pepitas | 1/2 tbsp ground cinnamon | 1/4 cup maple syrup | 1/4 cup coconut oil | 2 tbsp extra virgin olive oil | 30g natural peanut butter | 1 tsp vanilla essence,"Preheat oven to 160°C/320°F fan-forced (180°C/356°F if not fan-forced) and line two trays with baking paper | Roughly chop almonds | Mix together all dry ingredients in a bowl | Add all wet ingredients into a microwave proof jug and heat until liquid | Pour the liquid over the dry ingredients and mix well until all coated | Divide over the two trays in a nice thin layer, press down firmly as this is what helps it stick together and get crunchy. Sprinkle dried cranberries over the top to mix in when cooled. | Cook for 12-18 minutes or until lightly golden. Take out of the oven and set aside to cool. | When cool, break apart and store in airtight container for &amp;lt;4 weeks. | With all the nuts and seeds, stick to the recommended serve size to avoid too many FODMAPS.",746.0,5.0,12.0,12.0,3.0,6.0,True,ok
Pumpkin hummus,https://www.monashfodmap.com/recipe/pumpkin-hummus/,Serves: 6,Cook: 30 minutes,11,A low FODMAP alternative to give your regular hommus a run for its money!,6,PT5M,PT30M,PT35M,"Kent/jarrahdale pumpkin, peeled and cut into 2cm cubes | 2 tbs tahini | 2 tbs garlic infused olive oil | 1 tsp cumin | 1 tbs natural or greek yoghurt | 1 tbs lemon juice | 1 tsp sea salt","Place the pumpkin in a medium sized saucepan over medium heat, with 2 tbs water and salt and cover with a lid. Cook for 15-20 mins, stirring every few minutes. Add extra water in if the pumpkin looks like it&#x27;s drying out. Once the pumpkin is extra soft, allow to cool. | Once the pumpkin has cooled, place pumpkin, tahini, salt, olive oil and cumin into a food processor. If you don&#x27;t have a food processor, the pumpkin should be soft enough to mix with a fork/whisk. Mix until the consistency is smooth. | Take out the pumpkin mix and pour into serving bowl. Stir through yoghurt. Add extra salt or pepper, to your desired taste.",616.0,3.46,7.68,10.81,3.13,5.53,True,ok
South Indian Avial Curry,https://www.monashfodmap.com/recipe/south-indian-avial-curry/,Serves: 2,Cook: 20 minutes,11,"Transport yourself to the beautiful backwaters of Kerala in southern India, with our fragrant avial curry.",2,PT10M,PT20M,PT30M,"Bean, cluster/guar | Bean, Indian valor | Drumstick, moringa | Gourd, Ivy/Tindora | Yam | Potato, 1 medium | Green chillies (2-3 as per taste) | Fresh coconut | Curry leaves (3-4 leaves) | Red chilli (whole, 1-2) | Cumin seeds | Mustard seeds | Turmeric powder | Salt (or as per taste) | Lactose free natural yoghurt/curd | Coconut oil","Grind coconut, green chillies and cumin seeds to a fine paste. Add little water, if needed to make a smooth paste | Boil all the vegetables in salt water. Drain and keep aside, when semi soft. | Heat oil in a pan, add the boiled vegetables, coconut-chilli paste, turmeric powder, 1/4th cup of water and cook for 5 minutes | Add yoghurt, salt (if needed), ½ cup of water and cook covered for another minute or so. Turn the flame off and keep covered till we prepare the tempering for avial. | For tempering, heat coconut oil (if available, using coconut oil gives an authentic coconut flavor to the dish) or any other cooking oil (if you don’t have coconut oil). Add mustard seeds, curry leaves and a green chilli. Turn the flame off as the seeds start to splutter. | Pour this tempering over the avial, stir gently and serve.",2075.6,7.7,26.4,37.5,4.0,8.9,True,ok
Paneer Butter Masala,https://www.monashfodmap.com/recipe/paneer-butter-masala/,Serves: 2,Cook: 20 mins,11,A delicious vegetarian Indian curry,2,PT5M,PT20M,PT25M,"Paneer cheese | Tomato, diced | fresh ginger | green chillies (as per taste) | cumin seeds | Cardamom pod, black | cinnamon stick | salt | red chilli powder (as per taste) | turmeric powder | garam masala powder | dried fenugreek leaves | peanuts | oil/clarified butter (ghee) | fresh cream (lactose free if required) - optional | Fresh coriander leaves, chopped (to garnish)","Grind tomato, ginger, green chillies, peanuts, cinnamon and cardamom together into a smooth paste. | Heat oil in pan. Add cumin seeds and as the seeds start to brown, add the smooth paste that was prepared in the above step. Stir gently. Add salt and cook on a low to medium heat until you can see oil separating out of the paste. This may take 3-5 minutes and you may sprinkle little (1 Tbsp) of water, if the paste starts sticking to the pan. | Once the paste is cooked, add turmeric powder, red chilli powder, garam masala powder and dried fenugreek leaves and stir gently for a minute or so. If adding cream, then you may add cream in this step after adding dry spice powders. Add 1 cup of water. Mix well and cook for 3-4 minutes. | Add paneer and cook covered on low to medium heat for 4-5 minutes. | Add water as per desired consistency of gravy. Add chopped fresh coriander leaves as garnish to serve.",1963.0,17.55,7.71,40.21,5.0,5.02,True,ok
Miso Salmon - Recipe by Gourmend Foods,https://www.monashfodmap.com/recipe/miso-salmon-recipe-gourmend-foods/,Serves: 2-3,Cook: 15-20 minutes,12,"This flavorful salmon dish will brighten up your day. If wild salmon is in-season and in-budget, all the better, but any responsibly sourced farmed salmon works great too.",2-3,PT5M,PT20M,PT25M,"1 large piece salmon, or 3 small fillets if preferred | miso paste | rice vinegar | soy sauce | pure maple syrup | Gourmend garlic scape powder | Salt and pepper, to taste","Sprinkle your salmon with some salt and pepper. Mix together the miso paste, rice vinegar, soy sauce, maple syrup and garlic scape powder and then rub the mixture all over the fish. Depending on the size of your piece(s), you may not need to use all of the mixture. Just give the salmon a nice, even coat. | Heat your oven to 400°F (200°C), line a rimmed sheet pan with foil and place a wire rack on top. This method will help to evenly distribute your oven’s heat around the fish when you cook it. Put the fillets on the wire rack and place in the oven. | Cooking for 15-20 minutes should do the trick. Check the fish with an instant-read thermometer and when it reads about 130°F (55°C), dinner is ready. Don’t have a food thermometer? Just gently press down on the top of the filet with a fork or your finger – If the layers separate easily along the white lines across the fish, it’s done. | Remove fish from the oven and let rest for 5 minutes before cutting. For garnish, feel free to sprinkle some lime juice and/or cilantro on top. Serve over brown or white rice, paired with a low-FODMAP vegetable and enjoy!",1557.0,32.3,4.0,26.0,0.3,2.6,True,ok
Slow cooked herby roast chicken,https://www.monashfodmap.com/recipe/herby-roast-chicken/,Serves: 6,Cook: 1 hour 50 minutes,12,,,,,,,,,,,,,,True,missing_json_ld
Chicken Ramen Noodle Soup,https://www.monashfodmap.com/recipe/chicken-ramen-noodle-soup/,Serves: 2,Cook: 45 minutes,12,A warming &amp; delicious low FODMAP Japanese inspired dish that is simple and easy to make at home!,2,PT15M,PT45M,PT60M,"chicken breast fillets | garlic infused olive oil | sesame oil | fresh ginger, minced | soy sauce | rice wine vinegar | white sugar | low FODMAP chicken stock | bok choy, separated into pieces | eggs | green spring onion tops, finely chopped | Dry rice noodles or soba noodles | Salt and pepper, to taste","Preheat oven to 180°C (375°F). Season the chicken generously with salt and pepper. Add garlic infused olive oil to a large, oven-safe pan over medium heat. Add the chicken and cook ~5 mins on each side until golden brown. Transfer the pan to the oven and roast for 15-20 minutes, until the chicken is cooked through. Remove from the oven, transfer the chicken to a plate and cover with foil until ready to serve. | Meanwhile, heat the sesame oil in a large pot over medium heat, until shimmering. Add the ginger, and cook for a few minutes until softened. Add the soy sauce, rice wine vinegar and sugar and stir to combine. Cook for another minute. Add the stock, cover, and bring to boil. Remove the lid, and let simmer uncovered for 5 minutes, then add the bok choy. Simmer gently for another few minutes (until bok choy is wilted), and season with salt, to taste. | To make the soft-boiled eggs, fill a pot with enough water to cover the eggs, and bring to a boil. Gently lower the eggs into the boiling water, and let simmer for ~ 8 mins. | When cooked, use a slotted spoon to remove eggs from pot (keep water to cook noodles) into a bowl of cold water to stop the cooking process. When eggs are cool enough to handle, carefully peel away the shell and slice in half, lengthwise. Set aside until ready to serve. | Slice the chicken into thin pieces. Set aside. When the eggs finish cooking, add the noodles to the boiling water. Cook for 2-3 minutes, until soft, then divide the noodles into two large bowls. Add the sliced chicken and the ramen broth. Top with the sliced spring onion tops and soft boiled egg. Serve immediately.",2427.0,54.5,46.0,18.5,2.5,8.0,True,ok
Tomatillo Salsa Verde,https://www.monashfodmap.com/recipe/tomatillo-salsa-verde/,Serves: 10 (1/4 cup serves),Cook: 7 minutes,12,,,,,,,,,,,,,,True,missing_json_ld
Lemon & Blueberry Cheesecake Slice,https://www.monashfodmap.com/recipe/lemon-blueberry-cheesecake-slice/,Serves: 12,Cook: 4 hours 30 minutes,13,An excellent dessert to share,12,PT15M,PT30M,PT45M,"Sweet plain biscuits (e.g. Arrowroot biscuit) | tbsp butter, melted | 1 packet of reduced fat cream cheese (lactose free if required) | 3/4 cup plain lactose free yoghurt | ⅓ cup caster sugar | tbsp lemon juice | Zest of 1 lemon | 1 tsp vanilla extract | Cornflour (corn starch) | 2 egg whites | 1 cup fresh blueberries or raspberries (can use froze)","To make the base | Preheat oven to 180°C (350°F) and line a 20cm x 20cm (8 inch x 8 inch) slice tray with baking paper, leaving some paper overhanging on the sides. | Add the sweet plain biscuits to a food processor and pulse until they form a fine crumb. Add melted butter and pulse again until mixture comes together. Pour mixture into prepared slice tray and press down firmly using your hands or the back of a spoon. Bake in oven for 10 minutes or until lightly golden and then set aside to cool. | To make the filling: | Using a hand/stand mixer or food processor, beat cream cheese and yoghurt together until smooth and well combined. Next, beat in caster sugar, lemon juice, zest, vanilla extract, cornflour and egg whites (add one at a time). Continue to beat until mixture is light, fluffy and well combined. | Finally, gently stir through the berries until just combined. | Pour the filling over the prepared base and bake in the oven at 180°C (350°F) for approximately 25-30 minutes. | Remove cheesecake from oven and set aside to cool for 30 minutes or so before transferring to the fridge. Refrigerate for at least 4 hours (preferably overnight) before serving. | Cut cheesecake into bars to serve!",791.0,6.2,20.4,8.7,1.0,14.8,True,ok
Creamy Potato Bake with Manchego Cheese & Jalapeños,https://www.monashfodmap.com/recipe/creamy-potato-bake-manchego-cheese-jalape%C3%B1os/,Serves: 6,Cook: 2 hours,12,This potato bake recipe is a sensational combination of Spanish flavours,6,PT20M,PT120M,PT140M,"3 large washed potatoes, scrubbed, sliced 3mm thick (a mandolin is useful) | ¾ cup low fat milk (lactose free if required) | ⅔ cup thickened cream | 1 tbsp Dijon mustard | ⅔ tbsp garlic infused oil | salt (to taste, see tip below) | ½ tsp cracked black pepper (to taste) | ½ cup green onion tops, finely sliced | 1 tsp smoked paprika | ½ tsp dried oregano flakes | ¼ cup pickled jalapenos, finely sliced (optional) | ½ cup finely crumbled or grated Manchego cheese + ⅓ cup for the topping | Olive oil spray for the baking dish","Combine all the ingredients except potatoes and the extra Manchego cheese in a large bowl. Add the potato slices and mix well. | Press the potatoes in a large lightly oiled baking dish (preferably one with a lip), taking care with the top layer to ensure it is flat, compressed and almost covered with the cream mixture. Cover the tray with non-stick cooking paper then aluminium foil and seal the edges as much as possible. | In a preheated 170°C/338°F oven, bake for 1 hour 20 minutes, then remove the paper and foil and scatter the remaining cheese on top. | Cook, uncovered, at 160°C/320°F for a further 30 minutes or until the cheese is nicely golden and potatoes are easily pierced with a skewer. Rest for 5 minutes then score the top into portions. Serve immediately. | Serving Suggestions: | This potato bake goes very well with lean proteins such as chicken, fish, lamb or beef and a low FODMAP salad such as the Mexican slaw found in our app.",1210.0,8.3,22.7,18.9,2.2,4.4,True,ok
Warm Chicken and Roast vegetable salad,https://www.monashfodmap.com/recipe/warm-chicken-and-roast-vegetable-salad/,Serves: 4,Cook: 10 minutes,13,This tasty and different salad uses the newly tested endive or frisée which has a hint of bitterness but adds a refreshing flavour to a beautiful salad.,4,PT10M,PT10M,PT20M,"2 medium chicken breast cut into 1½ cm strips, lightly oiled and seasoned to taste | 1/2 large red capsicum, ends trimmed and deseeded, 1½ cm strips, lightly oiled | 1 large green capsicum, ends trimmed and deseeded, 1½ cm strips, lightly oiled | 1 small zucchini, 1 cm slices, lightly oiled | 8 medium cherry tomatoes, halved | 4 loosely packed cups curly endive, washed, dried and ripped into short sections | 1 loosely packed cup basil leaves | apple cider vinaigrette* (see link in hints) | 1 Tbsp Dijon mustard (optional) | ½ cup lightly roasted walnuts halves | 4 x thick slices haloumi, sliced 1½ cm/0.6 inch | olive oil spray for bbq&#x27;d ingredients and chicken | 4 chunky wedges of lemon or lime","Prepare the vinaigrette and place the required amount (adding the mustard if you are using it) in the salad serving bowl. A nice twist is to substitute 1/4 of the olive oil with walnut oil. | Heat a ridged grill pan or cleaned BBQ over a high heat. BBQ the vegetables until lightly cooked (about 3 minutes on each side). Remove and place straight into the large bowl with the vinaigrette tossing while you go. Lastly BBQ the chicken until just cooked (about 2 minutes on each side and mix. | Mix the endive, tomatoes and basil into the vegetable and chicken and lightly toss. Serve immediately while it still warm with a good squeeze of the lemon or lime wedges. Accompany with walnuts and grilled haloumi on the side.",1879.0,40.8,12.5,25.7,5.4,10.2,True,ok
Mustard Mayo Chicken Salad,https://www.monashfodmap.com/recipe/mustard-mayo-chicken-salad/,Serves: 4,Cook: 20 minutes,14,"Salads are a great low FODMAP take to work option, and you can make them super portable by popping them in a jar.",4,PT10M,PT20M,PT30M,"Chicken breast | Tbsp olive oil | 2 medium potatoes | 2 small radishes | 1 small cucumber | 2 medium tomatoes | 2 packed cups of baby spinach | Tbsp mayonnaise (recipe below) | 2 tsp wholegrain mustard | 2 tsp lemon juice | ½ tsp pure maple syrup | Salt and pepper, to season","Scrub the potatoes and chop them into small pieces. Place them into a small saucepan, cover with water, and bring to a rolling boil over medium high heat. Reduce heat to medium and allow to cook for 10 to 15 minutes until soft. Drain and set aside to cool or refrigerate overnight. | Cut the chicken into cubes. Place in a bowl and mix through a drizzle of olive oil and a few grinds of salt and pepper. Preheat a medium sized frypan over medium high heat. Add the chicken, once the pan is hot. Fry for 4 to 5 minutes, stirring every now and then. Remove once the chicken is golden and cooked through. | Prepare your salad ingredients. Wash and thinly slice the radishes. Dice the tomatoes. Peel and thinly slice the cucumber. | Make the mustard mayo by mixing together the mayonnaise, lemon juice, maple syrup, and wholegrain mayonnaise. Then season with salt and pepper. | Assemble your salad by dividing the ingredients between two jars. Place a layer of mustard mayo on the bottom of each jar, then add a layer of spinach, tomato, cucumber, radish, chicken and potato. Then repeat with remaining ingredients. | Keep cold and eat within two days. Frozen icepacks are a great way to keep chicken salads cold at work.",1070.0,13.8,20.5,13.1,4.4,9.5,True,ok
Zesty Moroccan Chicken & Roast Vegetable Salad with Quinoa,https://www.monashfodmap.com/recipe/zesty-moroccan-chicken-roast-vegetable-salad-quinoa/,Serves: 4,Cook: 45 minutes,14,This zesty chicken is both healthy and delicious.,4,PT15M,PT45M,PT60M,"1 cup kent pumpkin, diced | 2 small carrots, diced | 2 medium green capsicum, diced | 1 medium zucchini, diced | tbsp extra virgin olive oil | ½ cup uncooked quinoa, rinsed | 1 cup water | 1 tsp turmeric | Skinless chicken breast, diced | 1 tsp extra virgin olive oil | ½ cup canned chickpeas, drained and rinsed | 5 cups baby spinach leaves, washed | tbsp Moroccan spice mix (see below) | Moroccan spice mix: | 5 tsp ground nutmeg | 5 tsp ground cumin | 5 tsp ground coriander | 2½ tsp allspice | 2½ tsp ground ginger | 1¼ tsp black pepper | 1¼ tsp cinnamon | Dressing: | 1 tsp. smoked paprika* | 1 orange, zest and juice | Tbsp extra virgin olive oil","Preheat oven to 200°C/392°F and line a large baking tray with baking paper. | Place diced vegetables on baking tray and drizzle with extra virgin olive oil (season with cracked black pepper if desired) then bake in oven for 30 minutes or until vegetables are soft and golden. | Meanwhile, add water and turmeric to dry quinoa and cook in a saucepan on a low-moderate heat for 12-15 minutes, stirring occasionally. Cover and stand for a further 5 minutes and then fluff quinoa with a fork. | Meanwhile, heat 1 tsp. oil in a large sauté pan or pot and cook chicken until lightly browned. Add 1 Tbsp Moroccan spice mix and chickpeas and cook for a further 2-3 minutes until fragrant. Combine orange juice, orange zest, smoked paprika and olive oil in a small jug, set aside. | Add roasted vegetables, quinoa and baby spinach leaves to the cooked chicken and stir until spinach leaves wilt slightly. Add salad dressing and stir to combine.",1525.0,30.75,23.47,14.66,9.78,10.01,True,ok
Nicoise Salad with tuna,https://www.monashfodmap.com/recipe/nicoise-salad-tuna/,Serves: 1,Cook: 20 minutes,14,This classic French salad is packed full of flavour and is healthy too.,1,PT5M,PT20M,PT25M,"Green beans halved lengthways | 1 boiled potato, chopped | 1 cup butter lettuce, leaves shredded | 3 cherry tomatoes | Tbsp black/green pitted olives, halved | 1 anchovy fillet (marinated in oil and salt only), drained and chopped | 1 can tuna in oil | ½ tsp mustard | Rice wine vinegar | 1 hard-boiled egg, halved","Place diced potato in cold water in a medium saucepan. Bring to the boil. Reduce heat to low, then cover and simmer for 12-15 minutes until potato is &#x27;fork tender&#x27;. Drain. | Place beans in a bowl and cover with boiling water. Stand for 1 minute or until bright green and just tender. Drain, refresh under cold water, then drain again. | Place beans, lettuce, tomato, olives, anchovy, tuna (undrained), mustard and vinegar in a large bowl. Add potato and season with salt and pepper. Toss gently to combine. Top with a hard-boiled egg and serve.",2300.0,36.2,34.0,28.7,8.8,6.5,True,ok
Panzanella Salad,https://www.monashfodmap.com/recipe/panzanella-salad/,Serves: 4,Cook: 20 minutes,14,This fresh summery salad is perfect for any occasion!!,4,PT5M,PT20M,PT25M,"4 slices sourdough Spelt bread* | ⅓ cup extra virgin olive oil | Cherry tomatoes, halved | Pitted kalamata olives, halved | ½ cup torn basil leaves | tbsp balsamic vinegar","Brush bread with 1 tablespoon of oil. Place bread under the griller until lightly charred. Tear into bite-sized pieces. | Place bread, tomatoes, olives and basil in a large bowl. | Season bread mixture with salt and pepper. | Whisk remaining oil and vinegar together. Season with salt and pepper. Pour dressing over salad. | Toss salad gently and serve.",1519.0,5.3,24.5,26.0,7.8,3.8,True,ok
Japanese inspired Salad with Salmon & Miso Dressing,https://www.monashfodmap.com/recipe/japanese-inspired-salad-salmon-miso-dressing/,Serves: 4,Cook: 15 minutes,14,Bring the flavours of Japan to your kitchen with this quick and easy salad.,4,PT10M,PT15M,PT25M,"Hot smoked salmon (or cooked fresh salmon), flaked apart | Vermicelli rice noodles, cooked and drained | 1 baby cos (romaine) lettuce, finely shredded | 1 small avocado, thinly sliced | ¼ small red cabbage, finely shredded | 2 large carrot, grated or finely julienned | Firm tofu, cooked to your liking | 1 cup small broccoli florets, blanched | Tbsp black sesame seeds | Dressing: | Tbsp miso paste | Tbsp rice wine vinegar | Tbsp lime juice | ½ tsp fresh ginger, finely grated | Tbsp dark sesame oil | Tbsp garlic-infused olive oil | Tbsp plain yoghurt",Prepare all salad ingredients as listed above. | Add salad ingredients to a large bowl and toss to combine. | Add all dressing ingredients into a small jug and whisk until well combined. | Pour dressing over salad and stir to coat evenly prior to serving.,2318.0,29.8,26.2,35.6,7.7,4.0,True,ok
Muesli Bars,https://www.monashfodmap.com/recipe/muesli-bars/,Serves: 15,Cook: 15 minutes,15,These Low FODMAP Muesli Bars are nutrient dense and not overly sweet.,15,PT25M,PT15M,PT40M,1 cup rolled oats | ½ cup sunflower seeds | ½ cup pumpkin seeds | ½ cup sesame seeds | Tbsp flax seeds | 1 cup desiccated coconut | 1 tsp ground cinnamon | Olive oil spread | ½ cup rice malt syrup,"In a small saucepan, melt and combine olive oil spread, rice malt syrup and cinnamon. | In a large non-stick fry pan, combine oats, seeds and coconut and toast over a low heat for approximately 5-10 minutes. | Add dry mix to the oil-syrup-cinnamon mix and mix until combined*. | Press into a slice tin lined with baking paper and freeze for approximately 20-minutes until set. | Cut into squares. I cut the baking paper, lining the tin, into strips and wrap bars individually. | Store in freezer until use.",785.0,4.1,9.9,14.7,3.3,5.2,True,ok
Savoury Muffin,https://www.monashfodmap.com/recipe/savoury-muffin/,Serves: 12,Cook: 20 minutes,16,Low FODMAP muffins are great served as snacks or treats when entertaining.,12,PT10M,PT200M,PT210M,"1 ¼ cup tapioca flour | 1 ¼ cup maize flour | 5¼ tsp baking powder | 1¾ tsp xanthan gum | ¾ cup oat bran | 3 eggs | ¾ cup cream | ¾ cup milk, low fat, lactose free milk | 1 cup feta cheese, crumbled | 1 cup capsicum, red, finely diced | ¾ cup basil leaves (roughly chopped) | Grated cheese for top of each muffin | Paprika, to top each muffin","Preheat oven to 160°C/320°F and on a lower shelf of the oven, half fill a baking tray with boiling water (see tip below). | Sift flour, baking powder and xanthan gum into a large bowl, then add the bran (mix again). | In a separate bowl, whisk eggs with the cream and milk. | Add capsicum, crumbled feta and basil to the egg mixture. | Make a well in the flour mix and fold wet mix into the dry ingredients (you may have to add more milk to achieve a dough that is slightly sloppy, but not too wet). | Place large muffin cases in a muffin tray and spray well with canola oil. | Fill muffin cases (see tip below) and tap down top surface with a wet finger. | Sprinkle the top of each muffin with grated cheese, then paprika. | Bake for about 17 minutes until golden brown (an inserted skewer should be clean when removed). | Cool in the tray for 5 minutes, then place on a wire rack to cool further.",1104.0,5.4,36.0,10.8,1.3,2.7,True,ok
Vegan Roasted Chickpea & Vegetable Bowl with Peanut Cream,https://www.monashfodmap.com/recipe/vegan-roasted-chickpea-vegetable-bowl-peanut-cream/,Serves: 4,Cook: 35 minutes,15,"Looking for a vegan meal packed with protein, fibre and plenty of flavour?",4,PT130M,PT35M,PT165M,"1 cup raw, unsalted peanuts, soaked | ¼ cup soy sauce | ½ tsp chilli paste | ½ tsp white vinegar | 1 tsp white sugar | 2 tsp crushed ginger | Water, for thinning | ¼ cup coriander, minced | 1 cup green beans | ½ cup red capsicum | 1 cup broccoli florets, chopped | 2 large carrots | 2 tsp garlic infused olive oil | ¼ tsp black pepper | Tbsp sesame seeds | 1 cup canned chickpeas, drained and rinsed | 2 cups quinoa or brown rice, to serve | Low FODMAP sprouts (e.g. bean sprouts, alfalfa), to serve","At least 2 hours before preparing meal, place peanuts in a bowl and cover with water to soak. | After soaking, remove peanuts from the water, reserving the water, and place in a food processor or blender along with soy sauce, chilli, vinegar, sugar and ginger. Pulse a few times, adding water as required to thin the mixture to a sauce-like consistency. Let the food processor or blender run until nut mixture is smooth. Add in coriander and pulse until blended through evenly. Add salt and pepper to taste if desired. | Preheat oven to 180°C/356°F. Cut the carrot and capsicum into bite size pieces and toss in a roasting pan with beans, broccoli, olive oil, black pepper, and sesame seeds. Roast for 15 minutes then stir in chickpeas. Roast for another 15-20 minutes until vegetables are tender. | In a bowl, toss together vegetables, quinoa/rice, and sprouts. Drizzle sauce over bowl to serve.",1957.0,18.7,39.6,24.4,10.0,0.0,True,ok
Vegan Coconut & Pumpkin Curry with Roasted Chickpeas,https://www.monashfodmap.com/recipe/vegan-coconut-pumpkin-curry-roasted-chickpeas/,Serves: 4,Cook: 40 minutes,15,This low FODMAP vegan coconut &amp; pumpkin curry makes for a delicious and filling meal.,4,PT20M,PT40M,PT60M,"Japanese pumpkin or sweet potato, chopped in 1-2cm chunks | 2 large carrots, roughly chopped | Eggplant, chopped into 2cm pieces | ½ bunch fresh coriander | tbsp olive oil | 3/4 cup canned chickpeas in water, rinsed | tbsp olive oil | ¼ tsp chilli flakes | 1½ tsp ground coriander | 1 tsp ground turmeric | 1 tsp ground cumin | 2 tsp crushed ginger | tbsp garlic infused olive oil | ½ cup spring onion, green tips only | canned coconut milk | 1 low FODMAP vegetable stock cube - dissolved in 250ml water | 1 dried bay leaf | tbsp soy sauce | tbsp tomato paste | 1 lime, zest and juice | 2 tsp cornflour | 1 tsp sugar | 1 ½ cups white rice, cooked","Preheat oven to 180°C (356°F). Place the chickpeas and eggplant into the preheated oven. Roast for 10 minutes, then flip the eggplant (top should be starting to brown) and turn the chickpeas (by shaking). Cook for a further 10 minutes or until the chickpeas are evenly brown, and the eggplant is cooked on both sides. | While the eggplant and chickpeas roast, start cooking your curry. Place the rice on to cook according to pack instructions. Heat a large frypan over medium heat. Add the spice and garlic infused oil mixture to the frypan along with the spring onions. Fry for one to two minutes or until fragrant. Add the coconut milk and low FODMAP stock along with the soy sauce, bay leaf and tomato paste. Mix well. Then add the pumpkin and carrots. Bring to a simmer and then turn down to medium low heat. Cover with a large lid. Allow to cook for 20 minutes, stirring occasionally. If the sauce looks like it is getting too dry, turn down the heat and add a splash of water. | After 20 minutes check to see if the vegetables are soft (if they aren’t soft continue cooking for another 5 to 10 minutes). If the vegetables are soft, then dissolve 2 teaspoons of cornflour (cornstarch) in 2 tablespoons of warm water and mix through the curry to thicken. Zest the lime while the sauce thickens. Then remove the curry from heat, and mix through the lime zest and juice. Add a pinch of sugar to the sauce if needed and remove the bay leaf. If you like your curry hot, then now is the time to add more chilli flakes if desired. Fold through the cooked eggplant. | Serve the curry on top of the rice, and garnish with fresh coriander and the roasted chickpeas. If you have any leftovers, you can freeze them to eat at a later date.",1970.0,8.4,38.9,29.5,8.0,12.0,True,ok
Maple & Orange Glazed Baby Carrots,https://www.monashfodmap.com/recipe/maple-orange-glazed-baby-carrots/,Serves: 4,Cook: 20 minutes,15,"Looking for a great easy, crowd pleasing and kid friendly recipe? Look no further...",4,PT5M,PT20M,PT25M,"Tbsp butter, salted | 16 medium sized baby carrots, trimmed and scrubbed | ⅓ cup pure maple syrup | ½ cup freshly squeezed orange juice | 1 tsp orange zest | ½ tsp salt | ½ tsp cracked black pepper | Tbsp mustard (optional) | Tbsp chopped herbs of your choice e.g. thyme, parsley, chives or basil","Over a high heat, melt the butter in a large, preferably non-stick sauté pan with a close fitting lid. Add the cleaned carrots, maple syrup, orange juice, zest (mustard if using) and salt and pepper to taste and gently mix to coat the carrots and bring to the boil. | Cover with a tight-fitting lid, reduce the heat and cook for about 4 minutes. Remove lid, shake and stir occasionally until the carrots are tender, about 15 minutes. Note, you might need to cover the carrots if the liquid gets too low. See tips below | Serve immediately and garnish with herbs if you like. They can also be pre-cooked and reheated just prior to servings",1005.0,5.4,24.0,12.9,7.5,14.6,True,ok
Hot & Sour Asian Soup,https://www.monashfodmap.com/recipe/hot-sour-asian-soup/,Serves: 4,Cook: 15 minutes,15,Looking for a tasty low FODMAP Asian soup?,4,PT10M,PT15M,PT25M,"1 fresh red chilli | 2½ tsp crushed ginger | tbsp garlic infused olive oil | 1 can of champignon mushrooms in brine | 2 tsp sesame oil | 1 can of bamboo shoots | tbsp soy sauce | tbsp rice wine vinegar | 2 tsp balsamic vinegar | 2 tsp maple syrup or brown sugar | Low FODMAP vegetable stock | tbsp cornflour | Fresh edamame beans | Firm tofu | Salt and pepper, to season","Deseed and finely chop the red chilli (reserve a few slices as garnish), add more to taste if you prefer spicy food. Crush in a pestle and mortar with a pinch of salt, until it forms a very rough chunky paste. Then mix through the garlic-infused oil and crushed ginger. Place to one side. | Drain the champignon mushrooms. Place in a sieve and wash well under running water. Drain again and thinly slice. | Heat a large wok or a large heavy based saucepan over medium-high heat. Add the sesame oil and the sliced mushroom. Stir-fry for 4 to 5 minutes until lightly golden. | Drain the bamboo shoots, rinse under running water, and if needed slice into thin strips. Make the low FODMAP vegetable stock if needed. | Once the mushroom has browned, add the chilli paste and the bamboo shoots. Stir-fry for a further 1 to 2 minutes. | Meanwhile, mix together the soy sauce, rice wine vinegar, balsamic vinegar, and maple syrup (or brown sugar) in a small bowl. Stir the mixture into the pan and cook for a minute, then pour in the low FODMAP vegetable stock. Add a few grinds of black pepper. | Reduce the heat to low. Dissolve the cornflour in 3 tablespoons of warm water and mix through the soup, and allow to simmer for about 3 minutes. Then add in the fresh edamame beans (let these simmer for about 6 minutes). While the soup simmers, finely chop the green spring onion tips and the fresh chives. Cut the tofu into 1cm (0.4 inch) cubes. | About 1 minute before you are ready to serve, stir through the tofu (allow to warm). Season to taste with more soy sauce, vinegar or red chilli as needed. Then dish into bowls and garnish with the fresh chives, spring onion tips and red chilli slices. Enjoy!",1070.0,15.4,15.7,13.5,6.6,6.1,True,ok
Vegetable Muffins,https://www.monashfodmap.com/recipe/vegetable-muffins/,Serves: 12,Cook: 30 minutes,16,These muffins are a fantastic addition to your weekly meal prep.,12,PT5M,PT30M,PT35M,"1 red capsicum | 2 tomatoes | 1 bunch basil leaves, chopped | 1 bunch spring onions, green tops only | 10 eggs | ½ cup grated hard cheese (e.g. cheddar) | ½ tsp salt","Preheat oven to 180°C/356°F. | Rinse outer shell of eggs, crack into a large bowl and whisk Chop the capsicum, tomatoes, basil and spring onion and mix into the whisked eggs. Add salt. | Grate cheese and set aside. | Spray muffin pans with non-stick spray. Pour mixture into the muffin tray. | Sprinkle muffins with cheese. | Place tray in the oven for 25-30 minutes.",376.4,7.5,2.6,5.8,0.6,2.8,True,ok
"Turkey, Brie & Cranberry Filo Pastries",https://www.monashfodmap.com/recipe/turkey-brie-cranberry-filo-pastries/,Serves: 10,Cook: 20 minutes,16,This dish is the perfect way to use up Christmas or Thanksgiving leftovers.,10,PT10M,PT20M,PT30M,"1¾ cups cooked turkey, skinless, finely chopped | Brie cheese, cut into small cubes | tbsp cranberry sauce (recipe below) | tbsp mayonnaise (recipe below) | ¾ cup chives, finely chopped | ¾ cup roasted walnuts, finely chopped | 10 sheets filo pastry | Olive oil spray","Preheat oven to 180°C/356°F. | Mix the turkey, cheese, cranberry sauce, chives, walnuts and mayonnaise in a bowl, season to taste with salt and pepper. | Line a flat baking sheet with non-stick paper and spray lightly with olive oil. | Cut filo sheets in halves lengthwise and cover with a slightly damp teatowel. On a flat workbench lay out one oblong, spray the edges with olive oil, place the filling (40g) at the base and fold repeatedly into triangles. Place on the tray and spray the top with olive oil. Repeat until all the filling is used. | Bake in oven for 15-20 minutes until golden. Briefly slide onto absorbent paper to absorb excess oil and serve hot or warm.",1130.0,15.9,18.6,14.5,1.5,5.2,True,ok
Pumpkin & Zucchini Savoury Slice,https://www.monashfodmap.com/recipe/pumpkin-zucchini-savoury-slice/,Serves: 6,Cook: 1 hour 5 minutes,19,"Quick and easy, vegetarian lunch option!",6,PT10M,PT65M,PT75M,"2 tsp garlic infused olive oil | Japanese pumpkin, grated | 5 eggs | 2 egg whites | ¼ cup gluten-free plain flour | ½ cup reduced fat ricotta | Zucchini, grated, moisture removed | Tbsp fresh chives, chopped | Tbsp fresh continental parsley, chopped | ½ bunch spring onions, green tops only | Punnet cherry tomatoes, halved | ½ cup reduced-fat tasty cheese, grated | Balsamic glaze, to serve (check ingredients to ensure contains no high FODMAP ingredients such as honey)","Preheat oven to 180°C/356°F. Grease and line a 26x16cm (base measurement) slice pan. | Heat oil in a large frying pan. Cook grated pumpkin for 3-4 minutes or until beginning to soften. | Whisk the eggs, egg whites and flour in a large mixing bowl until combined. Stir in ricotta, cooked pumpkin, zucchini, chives, parsley and spring onion tips. | Pour mixture into prepared slice pan. Scatter cherry tomatoes on top of mixture and lightly press down. | Bake for 50 minutes or until lightly golden and cooked through when tested with a skewer. | Sprinkle with grated cheese and bake for a further 10 minutes, or until cheese is melted and golden. | Cut slice into 6 even pieces. Drizzle with balsamic glaze to serve.",505.0,7.6,7.8,6.2,1.7,2.7,True,ok
Peanut Butter Energy Bars,https://www.monashfodmap.com/recipe/peanut-butter-energy-bars/,Serves: 12,Cook: No cooking required,19,"Looking for an easy, healthy and delicious snack? Look no further!",12,PT70M,PT0M,PT70M,"½ cup natural peanut butter (no added sugar or salt) | ½ cup maple syrup | 1 cup rolled oats, lightly toasted | ½ cup puffed brown rice | ½ cup quinoa flakes | ½ cup almonds, lightly toasted, chopped | ¼ cup dried cranberries, chopped | ¼ cup dried banana, chopped | tbsp coconut flakes, lightly toasted | tbsp chia seeds | tbsp sunflower seeds","Spray a 20cm x 20cm slice tray with cooking spray and line with baking paper, set aside. | In a small saucepan, heat peanut butter and maple syrup over low heat, stirring until well combined. | In a large bowl, combine dry ingredients. Pour peanut and maple syrup mixture over dry ingredients and stir until well combined. | Transfer mixture into prepared tray, pressing down with slightly wet hands to ensure mixture is flat and tightly packed together. | Refrigerate for at least 1 hour before gently removing from tray and slicing into bars.",907.0,6.3,19.5,12.3,3.6,5.6,True,ok
"Oat, Cranberry & Choc Chip Energy Balls",https://www.monashfodmap.com/recipe/oat-cranberry-choc-chip-energy-balls/,Serves: 12,Cook: No cooking required,19,Looking for a low FODMAP pick me up?,12,PT10M,PT0M,PT10M,1 cup rolled oats | ½ cup dried cranberries | ¼ cup peanut butter | Tbsp maple syrup | ½ cup puffed quinoa | Tbsp mini dark chocolate chips,"Place oats into a food processor and process until they are flour like in consistency. | Add cranberries, peanut butter and maple syrup to food processor and continue to process until a dough begins to form and stick together. | Add puffed quinoa and chocolate chips and pulse several times until well distributed through the dough. | Using a large spoon, scoop out a spoonful of dough and roll between your hands into neat ball shapes. Place balls in an airtight container and store in the fridge.",464.0,2.5,14.5,4.4,1.6,5.5,True,ok
Vegan Banana & Dark Chocolate Doughnuts,https://www.monashfodmap.com/recipe/vegan-banana-dark-chocolate-doughnuts/,Serves: 6,Cook: 15 minutes,17,"Looking for a healthier, low FODMAP sweet treat?",6,PT40M,PT15M,PT55M,"Buckwheat flour | 1 tsp baking powder | 2 tsp pea protein powder | tbsp chia seeds | tbsp warm water | tbsp brown sugar or stevia powder | 1 small banana | tbsp cocoa powder | 1 tsp ground cinnamon | 70% dark chocolate chips, optional | Glaze optional: | tbsp icing sugar | 2 tsp cocoa powder | ½ tsp liquid (water, milk or lemon juice)","Preheat oven to 180°C/356°F. | In a small bowl, combine ground chia seeds with water and set aside to soak for 10-15 minutes, or until they form a thick gel. | In a large mixing bowl, add all dry ingredients and stir to combine. | Using a fork, mash banana separately on a plate then stir through the chia seed mixture. | Combine banana and chia mixture with dry ingredients and stir until the mixture resembles thick pancake batter. | Spoon mixture into a well greased doughnut pan (if you don&#x27;t have a doughnut pan, a muffin tin can be used instead). | Bake at 180 degrees for ~15 minutes. | Leave doughnuts to cool slightly before glazing or dusting with cinnamon-sugar (optional). | To make glaze combine all ingredients in a small bowl, then pour glaze on cooled doughnuts.",698.0,4.9,25.5,4.7,3.5,10.3,True,ok
Apple Cider Vinaigrette,https://www.monashfodmap.com/recipe/apple-cider-vinaigrette/,Serves: 24,Cook: No cooking required,17,Many salads require a dressing and this versatile recipe can be used to enhance their flavour.,24,PT5M,PT0M,PT5M,"⅓ cup olive oil | ⅓ cup garlic-infused olive oil | ⅓ cup apple cider vinegar | 1 tsp sugar | Salt and pepper, to taste | Herbs of your choice, optional",Measure all ingredients into a jar with a tight fitting lid and shake vigorously before dressing salad.,205.7,0.0,0.2,5.4,0.0,0.1,True,ok
Carrot & Cumin Dip,https://www.monashfodmap.com/recipe/carrot-cumin-dip/,Serves: 4,Cook: 30 minutes,17,This vibrant dip is perfect to serve up for guests at the next event.,4,PT5M,PT30M,PT35M,"Carrots, peeled, coarsely chopped | tbsp garlic-infused olive oil | 1 tsp cumin | Salt and pepper, to season","Cook the carrot in a large saucepan of salted boiling water for 30 minutes or until tender. Drain water. | Place the carrot, oil and cumin in the bowl of a food processor, and process until smooth. | Taste and season with a sprinkle of salt and pepper. | Serve with plain rice crackers and low FODMAP vegetable sticks (carrots, green capsicum/bell pepper and cucumber).",447.2,1.1,6.8,7.7,5.0,5.6,True,ok
Carrot & Pepita Dip,https://www.monashfodmap.com/recipe/carrot-pepita-dip/,Serves: 14,Cook: 40 minutes,17,"This simple, delicious and healthy recipe is one the whole family will enjoy.",14,PT10M,PT40M,PT50M,"4 extra-large carrots, peeled | Olive oil spray | tbsp balsamic vinegar | ½ cup feta cheese, crumbled | 3 tsp curry powder | ¼ cup mix of olive oil and garlic-infused olive oil | ½ cup pepitas (pumpkin seeds) or low FODMAP nuts (e.g. macadamia nuts) | ½ cup water + more if required | Salt and pepper, to season","Top, tail and peel carrots and cut into 1.5cm pieces. | On a baking tray, spray carrots with olive oil, drizzle with balsamic vinegar and toss to ensure the pieces are evenly coated. | Roast at 200°C/392°F for about 30 minutes or until the carrot is soft and caramelised. | Roast the pepitas at 180°C/356°F for about 8 minutes. When cooled blitz them in a food processor until they are a fine meal consistency. | Place all remaining ingredients (except water) into the food processor and blitz until smooth while adding water gradually to achieve a firm and smooth paste. Note, the dip will thicken once it is made.",449.0,3.2,3.8,8.2,3.1,3.6,True,ok
Mayonnaise,https://www.monashfodmap.com/recipe/mayonnaise/,Serves: 14,Cook: No cooking required,17,Mayonnaise was originally a classic European emulsion sauce used as a condiment or a thick and creamy dressing.,14,PT5M,PT0M,PT5M,"1 large egg yolk | Tbsp lemon juice or white wine vigegar | 1 cup neutral flavoured oil (e.g. grapeseed, rice bran, sunflower, canola or light olive oil) | ¼ tsp sugar | ¼ tsp salt | ¼ tsp pepper | Tbsp water, as required","Place egg yolks, sugar, salt and lemon juice in a food processor bowl. | In a food processor, blitz while slowly pouring in oil. Importantly, add a little water as required when the mayonnaise gets too thick (it is easy to add most of the water after half the oil has been added). Continue to process until all the oil is incorporated. Season with pepper and extra salt if desired. | The mayo can also be made by hand in a large bowl using a whisk.",624.0,0.2,0.1,16.6,0.1,0.1,True,ok
Roasted Red Pepper & Pumpkin Hummus,https://www.monashfodmap.com/recipe/roasted-red-pepper-pumpkin-hummus/,Serves: 12,Cook: 20 minutes,17,"This low FODMAP roasted red pepper &amp; pumpkin hummus is one of our favourites. It is perfect on low FODMAP toast for breakfast, as a dip for snacks, or as a delicious salad bowl topping.",12,PT10M,PT20M,PT30M,"Canned chickpeas | 1 large capsicum | Japanese (Kabocha) pumpkin (spaghetti squash or butternut pumpkin – see buying tips) | Tbsp olive oil | Tbsp garlic-infused olive oil | Tbsp water | Tbsp lemon juice | 1½ tsp ground cumin | Salt and pepper, to season | Dry chilli flakes, to taste, optional","Preheat the oven to 190ºC/374ºF bake function. Deseed the capsicum and slice into strips. Place into a roasting tray and drizzle in olive oil. Place in the oven once it has heated, and roast for about 10 minutes, until the edges start to brown. | While the oven heats, prepare the pumpkin by peeling, removing the seeds and cutting into small pieces. Place in a microwave proof bowl, add 4 tablespoons of water, and cover with a microwave proof plate. Place in the microwave and cook on high for 7 to 9 minutes, until soft. Be careful not to burn yourself when removing the pumpkin from the microwave. | While the capsicum and pumpkin cooks, prepare the rest of the dip ingredients. Drain and rinse the canned chickpeas using a sieve. Measure out 200g of chickpeas (about 1 cup). | Place the chickpeas into a food processor (or blender if you have a powerful one). Squeeze the juice out of the lemons. Add the olive oil, garlic infused oil, water, lemon juice, paprika, and cumin. Season with a couple of grinds of salt and black pepper. Once the pumpkin and red pepper are cooked, add them to the food processor. | Process for 3 to 4 minutes until smooth. Sprinkle with a pinch of chilli flakes if desired. | This dip is fantastic on gluten free bread, crackers and carrot sticks, or you can mix it with salad ingredients and quinoa to make a tasty lunch! You can store it in the fridge for up to five days.",286.6,2.3,5.8,3.6,1.6,2.8,True,ok
Tomato Chutney,https://www.monashfodmap.com/recipe/tomato-chutney/,Serves: 40,Cook: 1 hour 10 minutes,18,This basic but delicious recipe contains only low FODMAP ingredients and is can easily be spiced up according to your taste,40,PT5M,PT70M,PT75M,"10 large ripe roma tomatoes, cores removed and diced | 2 cups spring onions, green tops only, finely sliced | 1 large eggplant, diced | 1 cup soft brown sugar | ½ cup apple cider vinegar | 3 tsp salt | Tbsp garlic-infused olive oil | 1 tsp dried chilli flakes, optional","In a large saucepan (preferably non-stick), mix all ingredients (chilli optional) and bring to a simmer over a medium heat. Stir until the liquid starts to release from the tomatoes and the mixture is simmering. Reduce the heat to low and stir frequently for about 1 hour or until the mixture thickens. | You will need sterilised jars that have a collective capacity of about 1400 ml. Fill the jars while chutney in still hot, and immediately tighten their lids to completely seal. Allow to cool then label. Store in a cool, draught-free place for up to 1 month and refrigerate once they have been opened.",134.0,0.5,6.0,0.7,0.3,6.4,True,ok
Festive Thanksgiving or Christmas Stuffing,https://www.monashfodmap.com/recipe/festive-thanksgiving-or-christmas-stuffing/,Serves: 10,Cook: 1 hour 20 minutes,18,"Most traditional stuffing recipes use high FODMAP bread, onions and garlic so our talented research chef worked hard to create this easy and delicious low FODMAP stuffing with all the traditional tastes.",10,PT5M,PT80M,PT85M,"½ cup butter, salted | 10 slices low FODMAP bread, torn into small pieces | ½ cup olive oil | 3 tsp garlic-infused olive oil | Turkey mince | 1 cup spring onion, green tops only | 1/2 fennel bulb, finely diced | 1 eggplant, finely diced | 2 tsp low FODMAP chicken stock powder | 1 tsp ground black pepper | Dry white wine | Parsley, finely chopped | tbsp fresh sage, chopped | tbsp thyme leaves, finely chopped | 3 eggs, lightly beaten | 1 cup water (you might need extra to moisten the stuffing prior to cooking)","Spread bread pieces on a lined oven tray and dry overnight in a very low 50°C/122°F oven, then cool. | Heat oils and butter in a large pan over medium-high and saute fennel and eggplant for about 10 minutes. Increase the heat to high and add the turkey and break up into rough chunks and lightly browned. Add wine, herbs, spring onion tops, stock powder and pepper and reduce for about 5 minutes while stirring. Remove from heat and cool for about 10 minutes. | Combine all the ingredients and gradually add in water to thoroughly moisten bread pieces then rest for about 10 minutes (you might have to add more water). | Preheat oven to 180°C/350°F and place stuffing in a lightly oiled baking dish that has a lip and cover tightly with baking paper then foil. Bake for about 35 to 40 minutes. Increase the oven temperature to 220°C/420°F, remove the foil and paper and bake for a further 10 minutes or until it is nicely browned. | Note, this stuffing can be made up to 4 days ahead of time. The best way to reheat it s in the microwave. It can also be portioned and frozen.",1980.0,22.7,25.0,29.9,2.8,3.0,True,ok
Tzatziki Dip,https://www.monashfodmap.com/recipe/tzatziki-dip/,Serves: 50,Cook: No cooking required,18,This refreshing dip packs a punch will being low FODMAP,50,PT10M,PT0M,PT10M,"Plain Greek yoghurt (Lactose free if required) | 3 cucumbers, finely chopped | tbsp garlic infused olive oil | tbsp dried mint flakes","Empty yoghurt into a large bowl. | Mix through cucumber (discard liquid that comes from chopping the cucumber) and mint. | Stir through garlic infused olive oil into the yoghurt mixture. | Taste test and add in more cucumber or dried mint if you prefer. | Place in the fridge and serve cold in smaller portions: serve as a dip, with meat, in sandwiches, with rice dishes, roast potatoes, or anyway you like.",96.2,1.2,1.1,1.4,0.1,1.7,True,ok
"Banana, Hazelnut & Seed Biscuits",https://www.monashfodmap.com/recipe/banana-hazelnut-seed-biscuits/,Serves: 12,Cook: 12 minutes,18,"This is such a great, easy recipe, the hardest part will be sticking to the low FODMAP serving!",12,PT5M,PT12M,PT17M,"1 medium banana | ½ cup hazelnuts, chopped | 2 dates, diced | Dried cranberries | ¼ cup sunflower seeds | tbsp peanut butter | Desiccated coconut | tbsp chia seeds | Rolled oats | 1 tsp vanilla essence",Preheat the oven to 180°C/356°F. | In a mixing bowl add all ingredients together and mix well ensuring the banana is well mashed in with the other ingredients. | Line a baking tray with baking paper and spoon 12 round balls of the biscuit mixture on the pan. With the back of the spoon lightly press down on the round biscuit mixture for the biscuit shape. | Bake in the oven for 12 minutes or until golden and brown. | Let the biscuits cool for 10 minutes after baking before serving or storing. Enjoy!,557.0,3.5,9.5,8.6,2.9,6.3,True,ok
Kale Chips,https://www.monashfodmap.com/recipe/kale-chips/,Serves: 4,Cook: 15 minutes,18,These crunchy chips will have the whole family begging or more.,4,PT5M,PT15M,PT20M,"1 bunch kale | Tbsp olive oil | Tbsp pecorino cheese, finely grated | Sea salt and pepper, to season","Preheat the oven to 160°C/320°F. | Line 2 baking trays with baking paper. | Remove the kale leaves from the stems and tear into bite size pieces. Wash kale pieces and dry. | Combine kale pieces, olive oil, and pecorino cheese in a large bowl. | Place kale onto baking tray and bake for 10-15 minutes or until leaves are crisp. | Season with salt and pepper.",283.2,2.2,1.5,5.7,1.5,1.5,True,ok
Mixed Berry & Yoghurt Granola Bar,https://www.monashfodmap.com/recipe/mixed-berry-yoghurt-granola-bar/,Serves: 12,Cook: 30 minutes,18,"Whether it is a healthy make-ahead breakfast or a lunch box snack, this recipe is the perfect low FODMAP treat.",12,PT5M,PT30M,PT35M,"2 cups rolled oats | ¼ cup finely shredded coconut | tbsp macadamia nut meal | tbsp chia seeds | 1 egg white | tbsp peanut oil | ¼ cup pure maple syrup | Mixed berries | Plain greek/natural yoghurt | White chocolate melts, melted",Preheat oven to 180°C/356°F. Line a 16 x 26cm slice pan with baking paper. | Combine all ingredients in a large mixing bowl. | Press mixture into pan. | Bake for 30 minutes or until golden. | Drizzle with melted white chocolate and cut into slices to serve.,747.5,3.9,18.5,9.5,2.8,6.4,True,ok
Roasted Polenta Bites with Cheese & Herbs,https://www.monashfodmap.com/recipe/roasted-polenta-bites-cheese-herbs/,Serves: 4,Cook: 30 minutes,19,"Polenta is an easy to prepare, low FODMAP option that is a great alternative to potato or rice.",4,PT250M,PT30M,PT280M,"1 cup polenta | ½ cup grated hard cheese e.g. Pecorino | tbsp fresh rosemary, chopped finely | Olive oil spray","Lightly grease and line a 20 cm x 20 cm baking tray. | Cook polenta according to packet instructions (use water or low FODMAP stock in recommended quantity). | When polenta has reached a smooth and thick consistency, add the cheese and herbs and stir to combine. Remove from heat then instantly pour into prepared tray. Gently tap and smooth surface with a spatula to flatten. Cover the surface with either plastic wrap or a sheet of baking paper and allow to completely cool and set (~ 4 hours in the fridge, but it is best left overnight). | When set, invert polenta onto a chopping board and cut into desired shape (bite sized triangles or rectangles work well). | Preheat oven to 240°C/464°F. Line a flat baking tray with non-stick paper and spray with olive oil. Place bites on the tray ensuring they are separated and spay with olive oil. Roast for 20 minutes or until golden. | Serve hot with some extra grated cheese and herbs scattered over the top.",675.0,6.0,24.0,4.0,1.0,0.0,True,ok
Roasted Zucchinis with Haloumi & Tomatoes,https://www.monashfodmap.com/recipe/roasted-zucchinis-haloumi-tomatoes/,Serves: 4,Cook: 40 minutes,19,Easy roasted zucchinis are the perfect snack or a great accompaniment to dinner.,4,PT5M,PT40M,PT45M,"2 medium zucchinis, topped and tailed, cut in half lengthwise | Olive oil spray | Cracked pepper, to season | tbsp grated halloumi cheese | 4 medium cherry tomatoes, quartered | Paprika, to serve | Fresh basil leaves, to serve | Lemon juice, to serve","Preheat oven to 240°C/464°F, line a baking tray with cooking parchment and lightly spray with olive oil. | Lay the zucchini sections (cut side up) in a single layer. Lightly spray with olive oil and season with pepper. Roast for 25-35 minutes or until they are deeply golden. Carefully top each half with grated cheese, stud tomatoes on the top at even lengths, sprinkle with paprika (if using) and cook for a further 2-3 minutes. | Place fresh basil on top and a squeeze of lemon juice, serve immediately as a side dish with some grilled, lean protein (e.g. chicken or fish) and a low FODMAP salad (try this delicious dressing).",98.6,1.9,1.8,5.7,1.3,2.5,True,ok
Shredded Chicken Salad with Creamy Japanese Style Dressing,https://www.monashfodmap.com/recipe/shredded-chicken-salad-creamy-japanese-style-dressing/,Serves: 4,Cook: 15 minutes,19,No boring salads here. This one is restaurant quality with plenty of flavour and no onion or garlic in sight!,4,PT10M,PT15M,PT25M,"4 slices lean, short cut bacon | Fresh ginger, peeled and finely cut into matchsticks | tbsp soy sauce | tbsp tahini | tbsp miso paste | 2 tsp fish sauce | ¾ tsp sesame oil | 1 tsp white sugar | tbsp lemon juice | ½ cup whole egg mayonnaise (if store-bought, check that no onion or garlic added) | Salt and pepper, to season | 1 small BBQ (Rotisserie) chicken, skin and stuffing removed and shredded | 4 cups shredded cos or Iceberg lettuce | tbsp chives, chopped | Toasted sesame seeds for serving","Pan fry bacon in a non-stick pan until cooked to your liking. Transfer onto paper towel to cool and then slice thinly. | Cook ginger in a small saucepan of boiling water for 1 minute, Drain and rinse under cold water; set aside. | Whisk soy sauce, tahini, miso, fish sauce, sesame oil, sugar and lemon juice in a small bowl until smooth. | Place mayonnaise into a larger bowel and whisk until smooth. Gradually pour in the soy sauce mixture and whisk until combined. You may need to add a tablespoon or 2 of water to thin our the dressing. You want the dressing to be the consistency of thickened cream. Add salt and pepper to taste. | Toss the chicken and 1/2 the dressing in a large bowl to coat. Add the lettuce and bacon and the rest of the dressing. | Serve on a large plate and sprinkle the ginger, chives and sesame seeds on top.",2294.0,47.0,3.4,38.2,2.8,2.8,True,ok
Spiced Snapper with BBQ Corn & Pineapple Dressing,https://www.monashfodmap.com/recipe/spiced-snapper-bbq-corn-pineapple-dressing/,Serves: 4,Cook: 25 minutes,20,Looking for a quick and easy low FODMAP dinner thats full of flavour?,4,PT10M,PT25M,PT35M,"2 corn cobs, husks and silk removed | 2 tsp ground turmeric | 1 tsp curry powder | Tbsp canola oil | 4 snapper fillets (skin on) | 1 lemon, quartered | Steamed white long-grain rice, to serve | Fresh pineapple, peeled, finely diced | 1 spring onion, green tips only, thinly sliced | 1 green capsicum, finely diced | 1 green chilli, seeded, finely chopped | Tbsp lemon juice","Cook corn in boiling water for 5 minutes. Drain, cool and cut corn into 2.5cm-thick rounds. | To make the pineapple salsa: place pineapple, spring onion, capsicum, chilli and lemon juice in a bowl. Stir to combine. | Combine turmeric, curry powder and oil in a small bowl. Place fish on a plate and brush both sides with the turmeric mixture. | Heat a barbecue hotplate or frying pan on medium-high heat. Cook the fish, skin-side down, for approximately 3 minutes. Turn and cook the fish for a further 3 minutes or until browned and just cooked through. Transfer to a plate and cover with foil to keep warm. | Add corn and lemon quarters to the barbecue hotplate. Cook for 3 minutes or until golden and just starting to char. Place steamed rice on serving plates. Top with fish, pineapple salsa and serve with corn and charred lemons.",1683.0,36.0,46.0,7.7,6.8,18.8,True,ok
Sri Lankan Beef Curry,https://www.monashfodmap.com/recipe/sri-lankan-beef-curry/,Serves: 4,"Cook: 2 hours, 20 minutes",20,This classic Sri Lankan curry is packed full of flavour.,4,PT5M,PT140M,PT145M,Tbsp canola oil | Lean beef (stewing cuts cut into 1 inch cubes) | 2 tsp salt | 1 tsp cracked black pepper | Tbsp Sri Lankan curry powder (see below) | 1 tsp turmeric powder | Tbsp grated ginger | 2 red large chillis | 7 stalks curry leaves | 6 x 5cm lengths pandan (rampe) | 4 stalks lemongrass | Tbsp vinegar | Coconut milk | Sri Lankan Roasted Curry Powder: | Coriander seeds | Cumin seeds | Fennel seeds | Black peppercorns | 2 cloves | 8 cardamon pods | Sri Lankan cinnamon | 2 tsp black/brown mustard seeds | 4 stalks fresh or dried curry leaves | 1 stalk pandan (rampe),"To make curry powder, toast spices (excluding pandan) in a work or pan for 1-2 minutes on low-medium heat, until light brown and fragrances are released, mixing spices regularly to prevent burning. | Set aside toasted/roasted spices to cool. This will help to grind ingredients easier. While spices are cooling, cut pandan (rampe) into 2cm lengths. | Place cooled spices into a food processor and grind to a fine powder. Alternatively use a mortar and pestle, and mix thoroughly. | Mix pandan with finely ground spices. Use 45g and place remained into an airtight container. Store in a cool, dark place. | Heat oil in a large saucepan or pot over medium heat. | Add curry powder and move around constantly with a wooden spoon for approximately 1 minute, to prevent burning and until fragrance is released. | Add in the beef cubes and gently mix to coat with curry powder. Once coated add in remaining spices, chilies, herbs and vinegar and gently mix through. | Add in coconut milk and increase heat to high and bring to the boil. | Reduce heat to low, cover tightly with a lid and simmer for one to two hours on low heat, or until beef is very tender. | Check occasionally, and add water if needed. | Serve with steamed basmati rice and sprinkle with fresh coriander.",3288.0,45.4,14.2,60.0,9.0,9.7,True,ok
Sticky Chinese Chicken Wings,https://www.monashfodmap.com/recipe/sticky-chinese-chicken-wings/,Serves: 5,Cook: 45 minutes,20,These low FODMAP sticky Chinese chicken wings are the perfect appetiser to share with your friends.,5,PT15M,PT45M,PT60M,"Chicken wings | 1 tsp sesame oil | tbsp rice wine vinegar | tbsp brown sugar | tbsp soy sauce | ¼ cup tomato paste | tbsp oyster sauce | tbsp garlic-infused olive oil | ½ tsp Chinese five spice | tbsp spring onion, green tips only | 2 tsp sesame seeds, toasted | tbsp fresh coriander | ½ mild red chilli (deseeded &amp;amp; finely sliced)","Preheat the oven to 180ºC/350ºF. | Place the chicken wings in a large bowl. Mix the sesame oil, rice wine vinegar, brown sugar, soy sauce, tomato paste, oyster sauce, garlic infused oil and Chinese five spice in a small bowl. Pour the marinade over the chicken wings and mix through. Allow to marinate for 10 minutes. | Line a roasting tray with baking paper or grease well. Pull the chicken wings out of the marinade and place in the roasting tray. Reserve the left over marinade for basting. | Place the chicken wings in the oven. Baste after 15 minutes with half of the left over marinade, then pour the rest of the marinade over the chicken at 30 minutes. | Bake for 40 to 50 minutes until the meat is tender, and the wings are sticky and a gorgeous dark red/golden colour. | Toast sesame seeds in a small frypan over medium-high heat for 1 to 2 minutes (no oil needed). Remove as they start to turn golden brown. Finely chop the green spring onion tips, red chilli, and fresh coriander. | Serve with a sprinkle of sesame seeds, some roughly chopped fresh coriander, finely chopped spring onion tips, and some rings of fresh chilli.",3065.0,69.5,10.8,45.9,1.0,12.3,True,ok
Stir-fried Beef with Oyster Sauce & Rice Noodles,https://www.monashfodmap.com/recipe/stir-fried-beef-oyster-sauce-rice-noodles/,Serves: 2,Cook: 15 minutes,20,"You can&#x27;t go wrong with a stir fry. This one is quick and easy, healthy and low FODMAP!!",2,PT20M,PT15M,PT35M,"Lean beef | tbsp oyster sauce | tbsp sesame oil | tbsp soy sauce | tbsp peanut oil | 4 spring onions, green tops only, chopped | 1 carrot, cut lengthways and cut into strips | Oyster mushrooms, roughly chopped | ½ green capsicum, deseeded and cut into strips | Rice noodles | 1 low FODMAP stock cube | 2 cups baby spinach leaves OR 1 small bunch of baby bok choy | ½ bunch coriander, washed and chopped | Salt and pepper, to season","Cut the beef into thick slices cutting against the grain. Place in a bowl and add in the oyster sauce, sesame oil and soy sauce and mix. Leave for 15 minutes. | Heat the peanut oil in a wok or large frying pan over a high heat. | Drain the beef from the marinade and reserve leftover marinade. When the oil is just starting to smoke, add the beef to the pan and stir fry for 2 minutes. Remove and set aside. | Wipe the pan with paper towel. Reheat the wok on a high heat and add in a little oil. Quickly add the spring onions, carrot and mushrooms, and stir fry for 3 to 4 minutes. | Add in the capsicum, rice noodles and ¼ cup of water with a crushed stock cube and the reserved marinade. Cover for 2 to 3 minutes. | Remove the lid and add back in the beef to finish cooking for a further 3 to 4 minutes. Add the baby spinach and coriander and mix through. | Season with salt and pepper and serve.",3142.8,35.3,71.3,33.3,7.2,6.2,True,ok
Thai Green Chicken Curry,https://www.monashfodmap.com/recipe/thai-green-chicken-curry/,Serves: 6,Cook: 30 minutes,20,This curry is wonderfully aromatic and flavourful whilst omitting the onions and garlic.,6,PT5M,PT30M,PT35M,"CURRY PASTE | 1 tsp finely chopped, well-washed coriander roots | 1 tsp coriander powder | ½ tsp cumin powder | ½ tsp black pepper powder | ½ tsp turmeric powder | 1 tsp galangal | 1 tsp minced or grated ginger | 3 shredded kaffir lime leaves (fresh or dried) | Tbsp minced lemongrass (¼ large trimmed stalk) | 1 tsp salt | 2 tsp brown or palm sugar | ¼ tsp shrimp paste | ½ minced long green large chillies (hot or mild) | Tbsp canola oil | CURRY INGREDIENTS | Chicken thighs, fat, skin and sinew removed and cut into thin strips | 5 kaffir lime leaves (fresh or dried) ripped into pieces | 1 eggplant, 1cm diced | 2 cups coconut milk | Tbsp fish sauce | 1 tsp brown or palm sugar | ½ bunch Thai basil leaves","To make curry paste: | Roughly chop all the ingredients (except oil) and blitz them in a food processor . Slowly pour in oil until a smooth paste is achieved. Alternatively, smash ingredients in a mortar and pestle and gradually incorporate the oil. Note, it may be easier to do this in small batches and thoroughly mix to a paste at the end. | Place curry paste and all remaining ingredients (except thai basil) into a pot. | Bring to the boil, reduce heat to low and cover with a lid. | Simmer for approximately 20 minutes and occasionally stir. | Stir through thai basil leaves prior to serving. | Serve with cooked quinoa, brown rice or steamed low FODMAP vegetables.",1846.0,33.2,5.5,31.4,2.0,4.8,True,ok
Tuna & Sweet Potato Patties,https://www.monashfodmap.com/recipe/tuna-sweet-potato-patties/,Serves: 4,Cook: 40 minutes,20,Get the kids involved with this quick and easy low FODMAP meal.,4,PT15M,PT40M,PT55M,"Sweet potato, peeled and diced | Kent/Japanese/Kabocha pumpkin, peeled and diced | 1 tin tuna/salmon, drained | 1 egg, lightly beaten | 1 cup gluten-free bread crumbs | ½ cup reduced-fat grated tasty cheese | 1 small carrot, grated | 2 spring onions, green tops only, finely sliced | Tbsp Plain gluten-free flour | Tbsp sesame seeds | Olive oil spray","Steam/boil sweet potato and pumpkin until just tender. Transfer to a large bowl and mash roughly with a fork. | Preheat oven to 180°C/356°F. Line large baking tray with baking paper and set aside. | On a large plate, combine gluten-free flour and sesame seeds, set aside. | Add drained tuna, egg, breadcrumbs, cheese, carrot and chives to mashed sweet potato and pumpkin mixture. Stir with a wooden spoon to roughly combine. | Shape into 12 equal patties approx. 1.5cm thick. Lightly coat each patty in flour and sesame seed mixture. | Heat a large, non-stick frying pan over medium heat. Spray both sides of each patty with olive oil. Fry patties in frying pan in batches (4-5 minutes each side) until golden brown. | Place browned patties on baking tray and bake until heated through (approx. 10-15 minutes). | Serve patties with low FODMAP vegetables or salad and see below for a great dipping sauce.",1574.0,20.0,34.0,16.0,5.0,9.0,True,ok
Turkey Roulade with Herb & Nut Stuffing,https://www.monashfodmap.com/recipe/turkey-roulade-herb-nut-stuffing/,Serves: 8,Cook: 40 minutes,21,This stuffed turkey roulade is an indulgent and delicious recipe that is perfect for Thanksgiving Dinner!,8,PT60M,PT40M,PT100M,"4 large, skinless turkey breasts or chicken breasts | Long, very thin slices of pancetta (rind and as much fat as possible removed) | 8 slices (2cm x10cm) red capsicum, charred and skinned | Olive oil spray | 5 bacon rashers, rind and fat removed, finely diced | tbsp butter or margarine | 1 cup spring onion, green tops only, finely sliced | 1 tsp cracked black pepper | 1⅔ cup gluten-free bread crumbs | Macadamia nuts, roasted and roughly chopped | tbsp thyme leaves, finely chopped | ½ bunch parsley leaves and upper stems, finely chopped | 3 eggs","To make the stuffing, heat the butter in a pan over medium heat, add the bacon until browned then remove from heat. Add the spring onion tops, pepper, breadcrumbs, macadamia nuts, thyme, parsley and eggs and mix until combined. Set aside | Preheat a fan forced oven to 180°C/356°F. | Trim chicken or turkey fillets of sinew and fat. | Flatten fillets between two sheets of silicon paper by thumping with a meat mallet or rolling pin. The fillets should be about 1.5 cm/0.6&quot; thick. | Cut the capsicum (bell pepper) into long thick strips. | On a new sheet of silicon paper arrange the pancetta slices so they overlap slightly. | Place the flattened fillet in the centre of the pancetta and arrange the capsicum strips in the centre. | Mould a tapered log of the stuffing and align it with the capsicum. | Carefully roll the entire breast using the pancetta to &#x27;seal&#x27; the roulade. | Spray a roasting dish with olive oil and place the roulade with the pancetta strip ends facing down and spray lightly with olive oil. | Repeat the above with the remaining fillets. | Roast for approximately 40 minutes (note this time may vary depending on the oven and size of the fillets). | Rest in a warm place for about 15 minutes before slicing into 2cm rounds.",2724.0,63.3,10.5,39.6,2.8,2.7,True,ok
Vegetable Frittata,https://www.monashfodmap.com/recipe/vegetable-frittata/,Serves: 4,"Cook: 1 hour, 15 minutes",21,"This simple vegetarian frittata recipe provides 3 or your 5 daily serves of vegetables per portion and is a quick, healthy lunch or dinner option that the whole family will enjoy!",4,PT10M,PT75M,PT85M,"½ medium sweet potato, cubed | tbsp olive oil | 1 tsp paprika | 3 spring onions, green tops only, sliced | Broccoli florets, chopped | 1 zucchini, grated | 5 eggs | tbsp lactose-free milk or other low FODMAP milk alternative | ½ cup mixed herbs e.g. basil and parsley | ¼ cup chives | ¼ cup Danish fetta | Salt and pepper, to taste","Preheat oven to 180°C/356°F. Toss sweet potato in half of the oil and paprika, place on lined baking tray. Roast in oven for 45 minutes or until tender. | Heat the remaining oil in a large 22cm ovenproof frying pan over medium heat. Sauté spring onion and once softened, add the broccoli stirring occasionally until charred. Add zucchini; cook for 2 minutes or until softened. Remove from heat. | Combine eggs, milk and mixed herbs in a food processor. Process until herbs are finely chopped and egg mixture is fluffy. | Once cooked, add the roasted sweet potato to the broccoli mixture in the frying pan, and turn heat back to medium. Add the egg mixture to the frying pan and stir until well combined. Sprinkle with feta and chives and season with salt and pepper. Reduce heat to low and cook for 8 minutes or until the egg mixture has mostly set. | In the meantime, preheat the grill on high. Place the frying pan under the grill and grill until golden brown and egg mixture is set.",1791.0,13.6,11.8,35.0,6.6,3.0,True,ok
Veggie Burgers,https://www.monashfodmap.com/recipe/veggie-burgers/,Serves: 8,"Cook: 1 hour, 25 minutes",21,Looking for both a low FODMAP and vegetarian meal to feed the family? Look no further!,8,PT30M,PT85M,PT115M,"Cooked potato mashed | ½ cup cooked rice | Gluten-free bread crumbs | 1 medium carrot, grated | ½ small zucchini, grated | Tbsp shaved parmesan cheese (optional) | Tbsp fresh continental parsley | Tbsp fresh coriander | Grated ginger | 1 egg | Tbsp soy sauce (gluten-free)","Peel and steam potatoes until very soft. Mash potato and leave to the side or place in the fridge to cool down. | Boil/steam rice and allow to cool (cool in the fridge for faster results). | Wash and finely chop fresh coriander and parsley. | Grate carrot and zucchini and remove any excess liquid. | Once potato and rice has cooled down, place into a bowl with all ingredients. | Roll burgers into balls. | Spray or drizzle olive oil into a pan or on a BBQ plate. Heat oiled pan/BBQ plate first before placing burgers. | Once burgers are in the pan/on BBQ plate, allow them to cook for approximately 5 minutes before gently flattening burgers slightly. | Cook burgers on low-medium heat for approximately 15 minutes and only turn them once.",595.5,5.6,15.8,5.8,2.4,3.8,True,ok
Zucchini Pasta with Cabbage & Parmesan Salad,https://www.monashfodmap.com/recipe/zucchini-pasta-cabbage-parmesan-salad/,Serves: 2,Cook: 5 minutes,21,This healthy pasta is delicious and a perfect way to try out FODMAP stacking.,2,PT5M,PT5M,PT10M,"1 small zucchini, cut into strips like spaghetti | 2 tsp olive oil | ½ clove garlic, sliced | 2 anchovies, sliced | ¼ tsp salt or as desired | tbsp parmesan, grated | 1 cup thinly sliced cabbage (common or red cabbage – see note above) | ⅓ cup grated carrot | 2 tsp parmesan | 2 tsp olive oil | 1 tsp apple cider vinegar | Salt and pepper to taste","Heat oil in small fry pan. | Add sliced garlic and heat for 1 minute to add flavour into the oil. | Remove garlic slices from pan and discard. | Add anchovies and chilli and heat for 2 minutes, stir. | Add zucchini and heat for 2 minutes, stir. | Transfer to a plate and stir through parmesan. | Add cabbage, carrot and parmesan to a bowl and combine. | Add olive oil, vinegar and salt and pepper.",709.5,7.1,2.5,14.2,2.0,3.9,True,ok
Fruit Salad Pavlovas,https://www.monashfodmap.com/recipe/fruit-salad-pavlovas/,Serves: 8,Cook: 1 hour,21,Impress your friends and family at the next event with this show stopper!!,8,PT190M,PT60M,PT250M,"3 egg whites, room temperature | Pinch of salt | ¾ cup caster sugar | 2 tsp cornflour | 1 vanilla bean pod | Vanilla flavoured yoghurt (lactose-free if required) | 1 punnet strawberries, top removed and sliced in layers | 4 Kiwi fruits halved and sliced in thin layers | 4 passionfruit, pulp removed | Fresh blueberries | Handful of fresh mint leaves","Preheat oven to 110°C/230°F. Line a large oven tray with baking paper. | In a large mixing bowl, combine egg whites and salt. Beat using an electric mixer until soft peaks begin to form. Continue beating, whilst gradually adding caster sugar, until stiff peaks form and the mixture is glossy. Using a spatula, gently fold through cornflour and scraped seeds from the vanilla bean pod. | Spoon meringue onto baking sheet to form 8 even circles. Bake in the oven for 1 hour or until meringues are crisp to touch but not browned. Turn oven off and leave meringues inside to cool for 2-3 hours with the door slightly ajar. | Place sliced strawberries and kiwi fruit in a mixing bowl and stir to combine. Set aside. | Top each meringue nest with a dollop of yoghurt. Decorate with the sliced fruit and spoon about a tablespoon of passionfruit pulp over each meringue. Add a couple of mint leaves and blueberries to decorate. | Arrange on a platter to serve. Enjoy!",607.0,3.9,30.8,1.0,3.7,29.0,True,ok
Hot Cross Buns,https://www.monashfodmap.com/recipe/hot-cross-buns/,Serves: 12,Cook: 20 minutes,21,Enjoy these tasty low FODMAP buns that still have a truly traditional flavour.,12,PT290M,PT20M,PT310M,"Lactose free milk | 2 sachets dried yeast | tbsp unsalted butter | 2 cups maize flour | Rice flour | Potato flour | 3 tsp xanthan gum | 1 tsp salt | ½ cup caster sugar | 1 large egg | 1 tsp cinnamon | 2 tsp mixed spice | Currents, dried | Cranberries, dried | tbsp extra maize flour | ⅓ cup mixed peel | Cooking spray | tbsp strawberry jam (without high fructose corn syrup) | tbsp water | 1½ cups pure icing sugar, sifted | tbsp butter, melted | ¼ cup milk","Warm milk until it is luke-warm stir in yeast to activate (it should dissolve and bubble). Set aside for 5-10 minutes. | Melt the butter. | In a large bowl mix flours (sifted), sugar, xanthan gum, salt and spices. Make a well in the centre and incorporate milk and yeast mixture, butter and egg, mix with a wooden spoon, a dough mixer or your hand to a cohesive and slightly sticky dough. Note: this does not need to be kneaded. | Place the dough in a large, lightly oiled bowl and cover with lightly oiled plastic wrap. Leave the dough to rise in a warm place for 1-2 hours or until doubled in size. | Mix the fruits and peel with the extra maize flour, breaking up any clumps. | Knock back the dough and re-oil the bowl and your hands. Sprinkle the fruit mixture over the dough and work together until the mixture is evenly incorporated. | On a lightly oiled work surface pat out the dough into a log (~4cm diameter) and cut into 12 even pieces (~85-90g each). | Prepare an oven tray with baking paper and roll dough portions into balls, place evenly on the tray leaving 1cm between each. | Leave this tray in a warm place until they have again, doubled in size (~2hours) | Preheat oven to 180°C/356°F. For better results, place a deep baking tray half full of boiling water on a rack near the bottom of the oven to provide some steam. | Bake the buns for 20 minutes, or until golden brown. Place the hot buns on a cooling rack and glaze whilst they are still hot. | Melt the jam with water until it is runny, then paint the hot buns with the glaze. (If your glaze is lumpy, try putting it through a sieve). | Melt the butter and add to the icing sugar. | Gradually add the milk using a fork to achieve a cohesive but stiff icing. | Place icing in a piping bag fitted with a small nozzle on the just cooled buns. Alternatively, use a snaplock bag and snip a tiny corner off to create a 2mm hole to pipe the icing.",1453.0,3.0,67.2,7.6,2.0,38.2,True,ok
Herb & Vegetable Rice Pilaf,https://www.monashfodmap.com/recipe/herb-vegetable-rice-pilaf/,Serves: 4,Cook: 50 minutes,22,"This recipe is a great base for lunch or dinner, just add your choice of protein like grilled salmon or tofu, bbq’d steak or pan fried chicken tenderloins.",4,PT20M,PT50M,PT70M,"tbsp olive oil | tbsp garlic-infused oil | ½ medium eggplant, finely diced | 1 small zucchini, finely diced | ½ red capsicum, finely diced | 1 tsp turmeric powder | 3 tsp curry powder | 2 cups uncooked, white basmati rice | 2¾ cups Massel&#x27;s Monash FODMAP certified beef or vegetable stock | 1½ tsp cracked black pepper | ⅓ cup chives, finely chopped | ⅔ cup basil, roughly chopped | Salt, to taste | Lemon juice, to serve | Greek OR Natural yoghurt (lactose-free if required), to serve","Heat oils in a non-stick heavy-based saucepan with a tightly fitting lid, sauté eggplant, capsicum and zucchini over high heat for about 5 minutes or until they start to brown. | Add spices and cook for a couple more minutes. You can also add some chilli if you like. | Add rice and briefly sauté, then add boiling stock. Stir constantly for another 10 minutes. | Cover with the tightly fitting lid and either bake in a preheated, 180°C/356°F oven (160°C/320°F fan-forced) for 30 minutes OR keep on the stove, reduce the heat to very low and cook for 30 minutes or until water absorbed. | Remove from oven or stove and let sit with lid on for 15 minutes. | Uncover, cool slightly and stir through basil and chives. | Serve with a dollop of yoghurt and a squeeze of lemon.",795.8,3.9,30.0,6.7,2.8,5.2,True,ok
Lemon & Thyme Marinated BBQ Lamb,https://www.monashfodmap.com/recipe/lemon-thyme-marinated-bbq-lamb/,Serves: 4,Cook: 20 minutes,22,"Lamb, along with other sources of animal protein, is naturally low in FODMAPs owing to the negligible carbohydrate content of meat.",4,PT35M,PT20M,PT55M,"4 lamb cutlets | 1 lemon, finely grated zest and juice | ¼ cup olive oil | Tbsp dijon mustard | Tbsp thyme, chopped | 1 small zucchini, thickly sliced lengthways | Salad leaves and lemon wedge, to serve","Spread lamb out in a shallow dish. | In a separate bowl, combine lemon, oil, mustard and thyme. Season to taste. Pour marinade over lamb, turning to coat. Set aside for 30 mins (longer if you have time). Turn occasionally. | Meanwhile, preheat a barbecue plate on high. Reduce heat to medium. Cook lamb for 4-5 mins on each side, or until cooked to taste. Rest, covered for 5 mins. | Chargrill zucchini for 1-2 mins on each side until tender. | Serve lamb with the zucchini, salad and a lemon wedge on the side.",1849.0,12.6,1.4,43.3,1.0,1.8,True,ok
Makrut Lime & Lemon Salmon,https://www.monashfodmap.com/recipe/makrut-lime-lemon-salmon/,Serves: 4,Cook: 30 minutes,22,"This easy family dinner is so simple to make, just serve with your favourite low FODMAP salad!!",4,PT5M,PT30M,PT35M,"1 medium fillet of salmon | ½ lemon, thinly sliced | 1 makrut lime leaf, torn | ½ lemongrass stalk, quartered, bruised | ½ cup coriander","Preheat the oven to 180°C/356°F. Place foil sheets, slightly overlapping, on a large baking tray. | Place salmon on the foil. Top with lemon, lime leaves, lemongrass, and coriander. | Bring two long sides of foil up to centre. Fold to seal. Roll up ends to enclose salmon. | Bake for 30 minutes for medium or until cooked to your liking. | Cool to room temperature, then cover and refrigerate until ready to serve.",1131.9,36.9,0.7,13.4,0.5,0.4,True,ok
Marinated Tofu with Asian Greens & Rice,https://www.monashfodmap.com/recipe/marinated-tofu-asian-greens-rice/,Serves: 2,Cook: 10 minutes,22,How tasty does this look? It is both vegan &amp; vegetarian friendly too!,2,PT125M,PT10M,PT135M,"Firm tofu, cubed | 1 orange, juiced | Tbsp soy sauce | 2 tsp sugar | 2 tsp fresh ginger, minced (optional) | 1 tsp corn flour | Cooking oil, for frying | 2 cups of low FODMAP Asian greens | Sesame seeds and a dash of sesame oil, to garnish","Mix the orange juice, soy sauce, sugar and ginger in a container and add the cubed tofu. Place in the fridge to marinate for at least 2 hours (but not more than 12 hours). | When you’re ready to cook the tofu, remove it from the marinade using a slotted spoon. | Heat the oil in a frying pan or wok over high heat and add the tofu cubes. Fry until golden brown. | Add the corn flour to the reserved marinade liquid and stir it with a fork to dissolve the corn flour. Add it to the frying pan or wok, and continue cooking until the marinade creates a sauce. Add the greens and cook over high heat, stirring, until the greens are wilted. | Serve with rice and garnish with some sesame seeds (approximately 1 tsp per bowl) and a few drops of sesame oil for extra flavour.",1312.6,16.2,10.0,21.4,10.7,8.9,True,ok
Kartoffelknödel - Potato Dumplings,https://www.monashfodmap.com/recipe/kartoffelkn%C3%B6del-potato-dumplings/,Serves: 8,Cook: 1 hour,22,This traditional German dumpling makes a delicious side dish to any roulande or stew. But it&#x27;s delicious eaten on its own too..,8,PT10M,PT60M,PT70M,"10 large potatoes | 1 cup gluten free flour | 3 eggs | ⅔ cup gluten free bread crumbs (or quinoa flakes) | 1 tsp salt | ½ tsp ground nutmeg | Water | ½ cup butter | 2 rashers of bacon, diced | ¼ cup bread crumbs or quinoa flakes","Place potatoes in a large pot and add salty water until potatoes are all covered. Bring to the boil. Once boiled reduce the heat and cook uncovered for another 20 minutes or until tender. Drain the water off and peel the potatoes. | Mash the potatoes until smooth. Stir through the flour, eggs, bread crumbs, salt and nutmeg. Roll the mixture into approximately 8 balls. | In the large pot bring 3L/0.8 gal of water to the boil. Carefully spoon the dumplings into the water. Once the water is boiling reduce the heat and leave to simmer uncovered for 15-20 minutes or until the dumplings are cooked. | Meanwhile, in a small saucepan, heat the butter and the cubed bacon on medium heat. Heat until the butter is golden brown and bacon is cooked. Stir constantly. Remove from heat and stir in breadcrumbs (or quinoa flakes). | Place dumplings in a serving dish and pour over the butter and bacon sauce.",1659.0,9.5,57.1,14.9,4.0,3.0,True,ok
Pulled Pork & Coleslaw,https://www.monashfodmap.com/recipe/pulled-pork-coleslaw/,Serves: 10,Cook: 6 hours,22,As the weather warms up here in Australia give this pulled pork and coleslaw recipe a go.,10,PT10M,PT360M,PT370M,"Pork shoulder or rump | 1/2 Cup Olive Oil | Salt and pepper, to season | 2 tsp smoked paprika | ½ cup fresh mint | 2 fresh chillies (optional) | Tbsp red wine vinegar | ½ common cabbage | ¼ red cabbage | ½ pineapple | 3 carrots | Tbsp mayonnaise | 6 tsp olive oil | ¼ cup red wine vinegar (optional)","Preheat the oven to 220°C/428°F. | Score the pork skin ~1cm deep and drizzle the olive oil over the pork. | Season generously with salt, pepper and paprika rubbing the flavours into the skin. | Place the pork in a roasting tray and place in the oven immediately lowering the temperature to 160°C/320°F. Cook for 4 hours, basting occasionally with the juices in the tray. | After 4 hours reduce the temperature to 150°C/302°F for another 2 hours or until you can pull the meat apart very easily. | Remove the crackling and fat as you pull all the pork apart. | For the coleslaw, finely slice the pineapple pieces and cabbage. This can be done using a food processor. Putting it all into a bowl season with salt and pepper. Add the mayonnaise, a drizzle of olive oil and red wine vinegar. | Chop some mint leaves and deseed and finely chop the red chillies. Mix together and add some olive oil and the red wine vinegar. Add a pinch of salt to the mix and add to the tray of pulled pork. Mix this all together.",2132.0,63.7,5.2,25.2,3.5,5.9,True,ok
Salmon & Ricotta Frittata,https://www.monashfodmap.com/recipe/salmon-ricotta-frittata/,Serves: 6,Cook: 1 hour 5 minutes,23,"Frittata&#x27;s are the perfect meal for breakfast, lunch or dinner!",6,PT5M,PT65M,PT70M,"6 baby potatoes | Olive oil spray | 8 eggs, lightly beaten | Ricotta | Tbsp parsley, finely chopped | 2 salmon fillets, diced | ½ cup green peas","Preheat oven to 180°C/356°F. | Place the potatoes in a saucepan, cover with cold water and bring to the boil. Cook for 15 minutes or until just tender. Refresh under cold water, then drain. Slice into 1cm rounds. | Lightly grease a 27cm/10.6&quot; diameter, glass baking dish using olive oil spray. | Place the potatoes in a single layer over the base of the baking dish. Season with salt and pepper. | Combine the remaining ingredients in a bowl and stir to combine. | Pour egg mixture over the potatoes and bake in the oven for approximately 40 minutes, or until cooked through.",1382.8,24.2,16.8,18.6,2.3,2.5,True,ok
Slow Cooked Lamb Casserole,https://www.monashfodmap.com/recipe/slow-cooked-lamb-casserole/,Serves: 8,Cook: 6 hours 30 minutes,23,"This hearty, slow cooked casserole is the perfect family meal for a cold winters day.",8,PT5M,PT390M,PT395M,"Lamb, diced | tbsp garlic-infused olive oil | 5 rashers short-cut bacon, diced | tbsp ground coriander | tbsp ground cumin | 1 tsp ground cardamon | ½ cup red wine | ½ cup tomato paste | 1 tin diced tomatoes | 1 tin canned lentils, drained, rinsed | 2 cups Low FODMAP Beef stock | 3 large carrots, diced | Mashed potato, to serve | Parsley, to serve","Heat oil in a large, heavy based pan | Cook lamb in batches until browned, set aside | In the same pan, cook bacon until browned, add spices and cook for a further minute or until fragrant | Add red wine, tomato paste, diced tomatoes, lentils and stock, bring to the boil | Add cooked lamb, carrot and sauce mixture into a slow cooker | Cook on medium heat setting for 5-6 hours or until meat is tender and flaky and sauce has thickened | Serve with mashed potato and garnish with parsley",1877.0,37.1,22.4,21.5,4.6,8.0,True,ok
Smoked Salmon & Dill Arancini Balls,https://www.monashfodmap.com/recipe/smoked-salmon-dill-arancini-balls/,Serves: 4,Cook: 1 hour,23,Arancini balls are very popular for party hors d&#x27;oeuvres and can even be made larger for a main meal.,4,PT30M,PT60M,PT90M,"Low FODMAP chicken stock | Dry white wine | tbsp garlic-infused olive oil | tbsp olive oil | Arborio rice | 1 bunch spring onions, green tops only | Green olives, stone removed and finely chopped | ¼ cup corn flour | Cold smoked salmon, finely chopped | Mozzarella cheese, grated | tbsp fresh dill, finely chopped | tbsp horseradish (condiment) | 2 eggs | 1½ cups polenta OR low FODMAP breadcrumbs | Olive oil spray, for baking","Combine the stock with wine and bring to the boil, reduce to a bare simmer. | In a separate large pot add both oils and sauté rice and green onion tops for about 5 minutes. | Ladle the hot stock and wine into the rice mixture, after each ladle, stir until liquid is absorbed and repeat. You should be stirring constantly for about 20 minutes until the rice is al dente. | Remove from heat and cover with a lid for 5 minutes. | Add the olives, horseradish, cheese, dill, flour and salmon. Stir well and leave to cool, stirring occasionally. | When lukewarm, stir through the 2 eggs and leave to chill completely. | Preheat oven to 220°C/428°F and line a tray with baking paper. | When cool, roll into 24 small balls (or 8 large) and roll in the polenta or breadcrumbs. | Place the balls on the tray and spray well with oil. | Bake in the oven for about 20 minutes or until golden brown. Cool slightly and sit on absorbent paper before serving.",1590.0,16.2,36.0,16.5,2.5,2.9,True,ok
Shepherd's Pie,https://www.monashfodmap.com/recipe/shepherds-pie/,Serves: 4,Cook: 40 minutes,23,"A popular and classic recipe from our app - now on the blog, enjoy!",4,PT10M,PT40M,PT50M,"Tbsp olive oil | 8 spring onions, green tops only, finely chopped | Lean beef mince | 2 carrots, sliced lengthways and cut into slices | 1 zucchini, sliced lengthways and cut into slices | Whole, peeled, Roma tomatoes, canned | 2 bay leaves | Tbsp tomato paste | Tbsp Worcestershire sauce | ½ bunch thyme leaves | Low FODMAP chicken stock | 1 green capsicum, deseeded | Salt and pepper, to taste | 8 Waxy potatoes (try Pontiac), sliced | Lactose free milk | Lactose free cream | Tbsp pecorino Cheese","Preheat an oven at 180°C/356°F. In a large pan heat a little olive oil. Add in the spring onions and stir for 2 minutes. | Add in the beef and brown whilst stirring. | Add in the carrots, zucchini and tomatoes and stir through. Then add the bay leaves, tomato paste, Worcestershire sauce, thyme and stock. | Chargrill the capsicum and dice. Add to the meat. Cook sauce on a low simmer until it thickens and becomes a richer colour. Season with salt and pepper. | Place potatoes in layers in a baking dish. Mix the milk and cream together, season and pour over the potatoes. Bake until the potatoes are soft. | To assemble, use a lightly-greased, oven-proof dish and place a layer of mince on the bottom. Top with the potatoes. Sprinkle with pecorino. Bake until the cheese is melted and the dish is hot through.",3207.0,46.76,52.57,38.6,10.86,21.19,True,ok
Anzac Biscuits,https://www.monashfodmap.com/recipe/anzac-biscuits/,Serves: 15,Cook: 15 minutes,23,These biscuits are soft and chewy with yummy hints of sunflower seeds and coconut. Enjoy!,15,PT15M,PT15M,PT30M,Dairy-free spread OR butter | tbsp golden syrup | ½ cup brown sugar | 1 tbsp boiling water | 1 tsp baking soda | tbsp gluten free plain flour | tbsp dried desiccated coconut | ¾ cup rolled oats | tbsp sunflower seed or pumpkin seeds | 1 tsp chia seeds | tbsp boiling water,"Preheat the oven to 170ºC/340ºF bake function. Line two baking trays with baking paper. | Melt the dairy free spread (or butter), golden syrup and brown sugar in a medium sized saucepan over medium low heat. Stir occasionally. Then remove from heat. | Dissolve the baking soda in 1 Tbsp of boiling water. Then mix through syrup in the saucepan. The mixture should go golden and frothy. | Add the gluten free plain flour, dried desiccated coconut, rolled oats, sunflower seeds (pumpkin seeds) to the saucepan. To stop the biscuits going crumbly, mix the chia seeds with remaining boiling water in a small cup. Once they go gooey, add them to the saucepan. | Mix the ingredients until well combined. | Using a tablespoon or dessertspoon, scoop the mixture onto the trays (leave enough space between each biscuit for them to flatten slightly as they cook). Evenly space the biscuits and flatten the top of each biscuit with your fingers or a fork. The batter should make 15 biscuits. | Place in the oven and bake for about 10 to 12 minutes, remove once golden. We recommend checking the biscuits after 8 minutes, as sometimes they cook faster than expected! | Allow the biscuits to cool and then transfer them to an airtight container. These should keep for 5 days. Enjoy!",594.0,1.2,14.0,9.1,1.0,8.9,True,ok
Chocolate Pudding,https://www.monashfodmap.com/recipe/chocolate-pudding/,Serves: 4,Cook: 10 minutes,23,This delicious low FODMAP chocolate pudding is sure to be a hit with your whole family.,4,PT5M,PT10M,PT15M,"Dark chocolate | tbsp white sugar | tbsp cornflour | 3 cups soy milk (made from soy protein)* | tbsp unsweetened cocoa powder | ¼ tsp instant coffee (finely ground) | ⅛ tsp ground cinnamon | Frozen raspberries (crushed) | Fresh banana | Dark chocolate, roughly chopped or grated","Roughly chop 70g of dark chocolate and place it in a coffee mug with ½ cup of soy protein milk. Place in the microwave on high for 20 seconds, then stir. Repeat in 10-second increments until the chocolate has melted. | In a large microwave proof bowl place the white sugar, cornflour, cocoa powder, instant coffee (crush into a fine powder between two spoons before measuring), and ground cinnamon. Add 1 cup of soy protein milk and whisk until smooth. Then whisk in the remaining milk (1½ cups) and the melted chocolate. | Place the large bowl in the microwave and cook on high for two minutes. Then whisk. Repeat the process in 1 minute increments (whisking each time), until the chocolate pudding is thick and coats the back of a metal spoon without running off. This process should take 6 to 8 minutes. Allow the chocolate pudding to cool for two to three minutes. | Whisk the pudding just before serving to remove any lumps. Then divide between four cups. Serve with fresh banana, crushed frozen raspberries and grated chocolate.",811.0,1.7,6.0,32.5,2.6,3.6,True,ok
Double Chocolate Bliss Balls,https://www.monashfodmap.com/recipe/double-chocolate-bliss-balls/,Serves: 18,Cook: 5 minutes,24,Are you craving some date packed bliss balls that are normally so problematic?,18,PT20M,PT5M,PT25M,"1 cup dry, roasted, unsalted macadamias | ½ cup dried cranberries | tbsp teff seeds, roasted | ¼ cup pure maple syrup | tbsp cacao powder | ¾ tsp pure vanilla extract | ⅓ cup dark chocolate, finely chopped | Extra toasted teff/chia seeds, desiccated coconut or cacao powder (optional)","Toast teff seeds in a frying pan over medium-low heat until they start to pop. Instantly remove from heat. | Coarsely crush or chop macadamias. | Blitz macadamias, cranberries, maple syrup, cacao, vanilla and salt in a food processor at high speed to produce a sticky crumb mixture. Be careful NOT to overmix. | Remove mix from the processor and add the dark chocolate and mix to just combine but maintain the chocolate pieces. | Using slightly oiled hands, press and roll about half a desert spoon of mixture into balls. | Coat balls (optional) in some toasted teff/chia/desiccated coconut/cacao powder and place on a tray lined with non-stick paper. | Place the balls in an airtight container in the fridge to store",414.4,1.1,7.4,7.4,0.8,3.8,True,ok
Orange Gingerbread Loaf,https://www.monashfodmap.com/recipe/orange-gingerbread-loaf/,Serves: 12,Cook: 50 minutes,24,What better way to get into the festive spirit than with some low FODMAP Christmas cooking!,12,PT10M,PT50M,PT60M,"1½ cups quinoa flour | 1½ cups almond meal | ⅓ cup caster sugar | 1½ tsp bicarbonate soda | ½ tsp salt | 1 tsp ground ginger | 2 large eggs | ¾ cup lactose free yoghurt | ½ cup pumpkin, grated | ¼ cup vegetable oil | ¼ cup rice malt syrup | tbsp orange rind, grated | tbsp fresh orange juice","Preheat oven to 180°C/356°F. | Sift dry ingredients (except almond meal and sugar) into a large bowl. Add almond meal and sugar. | Mix in the eggs, yoghurt, pumpkin, orange juice and rind, syrup and oil. Mix well. | Prepare a loaf tin – lightly spray with oil and line the base with baking paper. Pour mix into tin. | Bake for 45-50 minutes or until a skewer comes out clean from the middle of the bread. Cool completely in the pan. Turn the ginger bread out of the tin and it’s ready to eat!",1247.0,8.4,26.5,17.5,3.2,10.8,True,ok
Chicken Cacciatore,https://www.monashfodmap.com/recipe/chicken-cacciatore/,Serves: 8,Cook: 40 minutes,24,"Hugely popular chicken cacciatore is traditionally an Italian, rustic hunter&#x27;s’ dish so it is a delicious way to incorporate healthy, low FODMAP seasonal vegetables in your diet!!",8,PT10M,PT40M,PT50M,"tbsp olive OR garlic-infused olive oil | 1 bunch of spring onion green tops, finely sliced | 1 medium eggplant | 2 large carrots | 1 medium celeriac, peeled | 1 medium red capsicum, deseeded | 1 can diced tomato | 1 cup chicken stock or water | 1 tsp dried oregano | 2 sprigs fresh rosemary (1 tsp dried) | 1 tsp raw sugar | 1 tsp cracked black pepper | 1 punnet oyster mushrooms, torn lengthwise into strips | ½ cup pitted olives (e.g. Kalamata), cut into halves | 6 skinless chicken thigh cutlets, bone-in, skin and fat removed | 1½ tsp salt | 1 cup basil or parsley leaves, roughly chopped","Heat the oils in a large saucepan or sauce pan over high heat then add and cook (while stirring) all the vegetables (except the oyster mushrooms and olives), spring onion tops, rosemary, oregano, sugar and pepper for about 8 minutes or until lightly browned and fragrant. Stir through the chicken pieces, oyster mushrooms, tomato and stock. | Transfer to a large oven safe casserole dish (or slow cooker dish). | Cover and cook on medium heat for 20-30 minutes or until chicken is cooked through and sauce thickens slightly (alternatively, cook in slow cooker on high for 4 hours or low for 8 hours). | Just before serving add olives, fresh basil or parsley and season with salt as desired. Serve with mashed potatoes, cooked rice or a low FODMAP pasta.",1445.0,26.6,13.7,18.2,8.2,12.0,True,ok
Guacamole,https://www.monashfodmap.com/recipe/guacamole/,Serves: 12,Cook: No cooking required,24,"Originating in Mexico, guacamole is a common accompaniment to many dishes from this region.",12,PT5M,PT0M,PT5M,"Reduced-fat cream cheese (lactose-free if required) | 3 medium avocados, deseeded, skinned and mashed | ⅓ cup baby spinach leaves, finely chopped | ½ cup green onion tops, finely chopped | Tbsp coriander leaves, finely chopped | ⅓ cup green capsicum, finely chopped | 2 tsp garlic infused oil | ⅓ cup tomato, diced, finely chopped | Tbsp lime juice | ½ tsp salt (to taste) | ½ tsp cracked black pepper | Chilli, to taste (fresh or dried)",Bring cream cheese to room temperature and prepare all ingredients. | Combine all ingredients.,279.0,1.0,0.8,6.6,1.0,0.7,True,ok
Caprese Salad,https://www.monashfodmap.com/recipe/caprese-salad/,Serves: 4,Cook: No cooking required,24,Caprese salad is possibly one of the easiest dishes to make with plenty of flavour!,4,PT5M,PT0M,PT5M,"1 punnet of cherry tomatoes (I like to get the little tubs of mixed tomatoes for an interesting alternative and colourful dish) | 8 cherry bocconcini, sliced | ¼ cup torn basil leaves | Salt &amp;amp; pepper, to taste | Extra virgin olive oil, to serve | Balsamic vinegar, to serve",Slice the cherry tomatoes in halves or slices. Place in s serving bowl and top with the sliced bocconcini and shredded basil leaves. Sprinkle with salt and pepper. Mix together. | Just before serving drizzle some of the olive oil and balsamic vinegar over the salad.,558.0,6.7,2.5,10.6,1.4,1.5,True,ok
Chickpea & Chicken Salad with Mustard Dressing,https://www.monashfodmap.com/recipe/chickpea-chicken-mustard-dressing/,Serves: 4,Cook: No cooking required,24,Add some protein to your salad with this vegetarian quick and easy salad!!,4,PT5M,PT0M,PT5M,"1 cup baby spinach | 1 cup chickpeas, drained | 1 continental cucumber, washed and diced | 1 cup cherry tomatoes, rinsed and halved | 1 cup of lettuce of your choice (we recommend rocket leaves) | Shaved Parmesan cheese | Salt and pepper, to taste | tbsp mustard | tbsp apple cider vinegar | Juice of 1 lemon | ½ cup olive oil | Salt and pepper, to taste","To make the salad take out four containers. We recommend using old jam jars for travelling to work safely without spilling or a takeaway container. | Divide all the ingredients between the four bowls. I suggest layering in this order: start with spinach then add the chickpeas, top with cucumber then add the tomato halves. Top with the lettuce leaves. | For a final touch add some Parmesan slices and pepper.",978.0,5.5,8.5,19.0,3.5,1.9,True,ok
Kumquat Jam,https://www.monashfodmap.com/recipe/kumquat-jam/,Serves: 32,Cook: 75 minute,25,This easy homemade jam is perfect sweet but tangy spread for your toast!!,32,PT10M,PT75M,PT85M,Kumquats | 1 cup sugar | ½ Lime | Water,"Give kumquats a clean removing any leaves or sticks still attached at the top of the kumquats. | Prick a couple of holes in the sides of each kumquat using a toothpick. | Place Kumquats in a small pot and cover with boiling water, enough to cover the kumquats. | Bring the water to a boil over a medium heat and simmer for 10 minutes. | Drain the water off the kumquats and repeat step 4 two more times. (Add boiling water and simmer for 10 minutes). | Drain the kumquats. | Place 1 cup of sugar in a pot and add ½ cup of boiling water. | Heat the pot for 10 minutes stirring occasionally and be careful to not burn the sugar. Cook until the sugar mixture has thickened. | Add the kumquats to the thickened mixture. | Keep mixture on a low heat for another 15 minutes or until the kumquats are translucent. | Squeeze the juice from half of fresh lime into the pot and stir until combined. | Leave the mixture on low heat for another minutes or two. | Turn the heat off and leave the mixture to cool.",126.3,0.0,7.4,0.0,0.3,7.4,True,ok
Quinoa Breakfast Pudding,https://www.monashfodmap.com/recipe/quinoa-breakfast-pudding/,Serves: 2,Cook: No cooking required,25,,,,,,,,,,,,,,True,missing_json_ld
Quinoa Porridge with Banana & Yoghurt,https://www.monashfodmap.com/recipe/quinoa-porridge-banana-yoghurt/,Serves: 1,Cook: 10 minutes,25,Looking for a gluten free low FODMAP breakfast. Here is a nutritious option to help boost your morning energy.,1,PT5M,PT10M,PT15M,"Water | Lactose-free milk (low-fat alternative if tolerating lactose) | Quinoa flakes | ⅓ ripe banana (or 1 unripe, slightly green banana) | Lactose-free yoghurt ( if tolerating dairy opt for a plain low-fat Greek yoghurt) | 1 tsp maple syrup | Sprinkle of cinnamon (optional)","In a small saucepan, bring the water and half of the milk to the boil on the stove, then add your quinoa flakes, Turn the heat down to low and allow to simmer for approximately 5 minutes. | Meanwhile, slice banana and set aside. | When the quinoa reaches a thickened consistency pour into a bowl and top off with the remaining milk. Add the yoghurt and banana with a drizzle of maple syrup. Sprinkle some cinnamon over the quinoa porridge for extra flavour.",1968.0,19.3,76.4,8.9,6.7,37.8,True,ok
Scrambled Tofu,https://www.monashfodmap.com/recipe/scrambled-tofu/,Serves: 1,Cook: 5 minutes,25,"Tofu is a great alternatives to legumes as they are low in FODMAPs and a good source of protein, iron and zinc, which makes them nutritious foods for people on plant-based diets.",1,PT5M,PT5M,PT10M,Firm tofu | ¼ cup water | 1 tsp soy sauce | ¼ tsp ground turmeric* | ½ cup diced or grated carrot and zucchini | Cooking oil for frying or cooking oil spray,"Place the water, soy sauce and turmeric in a bowl and mix well | Crumble the tofu into the bowl using your fingers and add the vegetables | Heat the oil in a small frying pan over medium heat and add the contents of the bowl. Gently fry until golden brown (about 5 minutes) | Serve with cooked rice or sourdough spelt bread",956.8,12.9,2.9,16.7,8.9,2.7,True,ok
"Spinach, Feta & Pine Nut Omelette",https://www.monashfodmap.com/recipe/spinach-feta-pinenut-omelette/,Serves: 1,Cook: 5 minutes,25,"Omelettes are a protein packed breakfast option that also make a terrific lunch, or easy dinner.",1,PT5M,PT5M,PT10M,"2 large eggs | tbsp lactose-free milk | Pinch of pepper, to taste | 1 tsp butter | 1 cup baby spinach | ¼ cup crumbled feta cheese | tbsp toasted pine nuts","Wilt the spinach in a lightly oiled pan and fold through the feta to warm. Set aside. | Lightly whisk the eggs with milk and a pinch of pepper. | In a non-stick frypan melt the butter over a moderate heat while swirling over the surface until it starts to sizzle. | Pour in the egg mix and swirl the pan ensuring a thin, round omelette is formed. Briefly cover with a tight fitting lid so the surface egg is almost cooked. | Spoon the warmed filling on half the omelette and again cover for about 20 seconds. Remove the lid and sprinkle with pine nuts. | Tip the pan towards the serving plate and fold the omelette in half to encase the filling. | Slip the omelette onto the plate and serve with any low FODMAP toasted bread.",1412.0,23.7,2.2,25.9,2.2,1.6,True,ok
Summer Berry Smoothie,https://www.monashfodmap.com/recipe/summer-berry-smoothie/,Serves: 4,Cook: No cooking required,25,"Making smoothies are a great way to involve the kids and something everyone can enjoy. They are also quick and easy to make, with minimal mess.",4,PT5M,PT0M,PT5M,"1 large ripe banana (or 2-3 unripe, slightly green bananas) | 20-30 blueberries | Soy milk (made from soy protein, not whole soy beans) | Vanilla yoghurt (lactose free if required) | Lots of ice",Add all ingredients into a blender and blend until smooth and creamy. Serve immediately!,406.0,5.9,10.7,3.3,0.8,9.1,True,ok
Tropical Millet Porridge,https://www.monashfodmap.com/recipe/tropical-millet-porridge-recipe/,Serves: 2,Cook: 30 minutes,26,"This tropical millet porridge is a great way to start the day! It’s creamy and contains delicious hints of coconut, strawberry and banana.",2,PT5M,PT30M,PT35M,⅔ cup hulled millet seed | 1⅔ cups water (boiling) | Pinch of salt | ⅔ cup soy protein milk (lactose free milk or almond milk) | 2 tbsp dried shredded coconut | Strawberries | Banana | Pinch of cinnamon | 2 tsp maple syrup,"Toast the millet seed in a saucepan over medium high heat for about 2-3 minutes until it starts to go golden. Add the boiling water and a pinch of salt. Then cover and simmer on the lowest heat setting for 15 to 20 minutes, until most of the water absorbs and the millet is soft. Allow to stand for 5 minutes. | Peel and slice the banana, and cut the strawberries into quarters. | Once the millet is cooked you can then stir through your choice of low FODMAP milk until it is creamy (add more low FODMAP milk if needed). Stir through the shredded coconut and a few pinches of cinnamon. Divide between two bowls and top with the strawberries, banana and a drizzle of pure maple syrup. Enjoy!",1943.9,11.9,57.7,18.6,10.5,10.6,True,ok
BBQ Chicken Skewers with Lemon Sauce,https://www.monashfodmap.com/recipe/bbq-chicken-skewers-lemon-sauce/,Serves: 4,Cook: 20 minutes,26,These BBQ chicken skewers are simple to make and delicious to share!,4,PT15M,PT20M,PT35M,"8 wooden skewers | Chicken breast (skinless) | tbsp neutral oil (canola, rice bran, sunflower) | Salt and pepper, to taste | 1 medium zucchini | 1 large red capsicum | ½ cup low FODMAP chicken stock | tbsp lemon juice | 2 tsp lemon zest | 1½ tsp dried rosemary | tbsp golden syrup OR maple syrup | 1½ tsp cornflour | Sprinkle of dried chilli flakes (optional) | Fresh coriander","Place the wooden skewers in a bowl of water and leave to soak while you prepare the skewer ingredients. | Cut the chicken breast into small cubes. Place in a small bowl and drizzle with 1 Tbsp of neutral oil, and season with a few grinds of salt and pepper. | Cut the zucchini (courgette) into small rings. Deseed and cut the red capsicum (red pepper) into chunks. Thread the courgette, red capsicum and cubed chicken onto the skewers. | Prepare the sauce ingredients. Zest and juice the lemon. Roughly chop the dried rosemary. Make the low FODMAP chicken stock if needed. Place the chicken stock, lemon juice, lemon zest, chopped rosemary, golden syrup (or maple syrup) in a small saucepan. Dissolve the cornflour (cornstarch) in 1 Tbsp of warm water and add to the saucepan. | When you are ready to cook, heat the BBQ grill to high. Place the skewers on the grill. Brush the skewers with neutral oil. Cook for 15 to 20 minutes, turning skewers occasionally, until cooked through. | While the chicken cooks on the BBQ, heat the sauce over medium high heat, until thick, stirring occasionally. | Drizzle the chicken skewers with lemon sauce and sprinkle with dried chilli flakes and fresh coriander. Serve hot.",1298.8,39.4,9.6,12.4,1.7,8.5,True,ok
Chicken & Gnocchi Pasta Bake,https://www.monashfodmap.com/recipe/chicken-gnocchi-pasta-bake/,Serves: 6,Cook: 50 minutes,26,The classic pasta bake is turned on its head with this addition of low FODMAP gnocchi!,6,PT5M,PT50M,PT55M,"1 large zucchini, diced | ½ large red capsicum/bell pepper, diced | Jap/Kent pumpkin, diced | 2 tsp garlic infused olive oil | 1 packet gluten-free gnocchi | 1 jar tomato passata (tomato puree) | Baby spinach leaves | 1 large handful fresh basil leaves | Cooked chicken breast, shredded | 2 tsp cracked black pepper | ½ cup grated parmesan cheese","Preheat oven to 220°C/428°F. Spray a large baking dish with olive oil spray. | Add chopped zucchini, capsicum and pumpkin to baking dish and toss with garlic-infused olive oil to coat. | Roast vegetables in oven for 20-25 minutes or until beginning to soften. | Meanwhile, cook gnocchi according to packet instructions | Heat tomato passata in a large pot and stir through baby spinach leaves and basil leaves until wilted slightly. Add cooked chicken, black pepper, gnocchi and roasted vegetables and stir to coat in sauce. | Pour gnocchi and sauce mixture back into the baking dish and top with grated Parmesan. Bake for a further 10-15 minutes or until golden.",1347.0,30.3,32.9,6.8,4.6,21.3,True,ok
Pad Thai,https://www.monashfodmap.com/recipe/chicken-pad-thai/,Serves: 4,Cook: 20 minutes,26,"Thai cuisine is so delicious! Full of big flavours and lots of colour, great with chicken or firm tofu!",4,PT10M,PT20M,PT30M,"¼ cup soy sauce | tbsp maple syrup | tbsp peanut butter | ¼ cup lime juice | 1 tsp fish sauce (substitute with more soy sauce if vegetarian) | Rice noodles | tbsp garlic infused olive oil | 2 chicken breasts, cubed (use 200g firm tofu for a vegetarian option) | 2 eggs, whisked | 2 tsp fresh ginger, grated | 1 chilli, finely sliced | 2 zucchinis, made into veggie noodles using a spiraliser | 1 carrot, made into veggie noodles using a spiraliser | 1 cup bean sprouts | ½ bunch spring onion, green section only, chopped | 1 cup coriander leaves | Crushed peanuts, extra bean sprouts and 1 lime, to serve","In a jug, whisk soy sauce, maple syrup, peanut butter, lime juice and fish sauce (if using). | Prepare rice noodles as per packet instructions. | In a wok, heat half the garlic infused oil and add the cubed chicken (or tofu). Stir-fry until sealed, add the eggs and toss around to coat the chicken in egg. Once cooked, remove chicken and egg and set aside. | Heat the remaining garlic infused oil in the wok and add the ginger and chili. Stir cooking until fragrant. | Add the zucchini and carrot noodles along with the bean sprouts and gentle toss. | Add the chicken and egg mixture along with the cooked rice noodles and toss to combine. | Pour the sauce mixture over the mix, stir through and serve with the green spring onions and coriander. | Serve the Pad Thai in the traditional way with extra bean shoots, crushed peanuts and a wedge of lime on the side",1455.8,25.2,22.6,16.2,4.2,8.3,True,ok
Chilli & Mint Turkey Patties,https://www.monashfodmap.com/recipe/chilli-mint-turkey-patties/,Serves: 4,Cook: 10 minutes,26,"These delicious turkey patties are served in fresh, crispy Brumby&#x27;s Quinoa and Linseed Low FODMAP rolls.",4,PT10M,PT10M,PT20M,"Turkey mince | 1 red chilli, finely diced | 1 bunch fresh coriander, chopped | 1 bunch fresh mint, chopped | 1 large egg | 4 Brumby&#x27;s Quinoa and Linseed Low FODMAP rolls | 2 cups baby spinach | Low FODMAP condiments of your choice; e.g. Mayonnaise or Dijon Mustard","Using clean hands thoroughly combine turkey, herbs, chilli and egg in a large mixing bowl. | Heat a large grill frying pan over medium-high heat. Roll mixture into 4 balls and place in the grill frying pan. | Push each ball down with a wide spatula and fry for 5 minutes. Flip patties and continue to fry until cooked through to the centre. Remove from heat. | Serve the patties on the rolls with spinach and condiment of your choosing.",2007.0,34.3,35.0,20.9,6.7,1.8,True,ok
Classic Beef Burger,https://www.monashfodmap.com/recipe/classic-beef-burger/,Serves: 8,Cook: 10 minutes,26,"This is a classic beef burger recipe with a twist. Burgers are quick and easy to make, and can include a variety of vegetables.",8,PT15M,PT10M,PT25M,"Lean beef mince | 1 egg | tbsp olive oil | ½ cup spring onion, top only, finely chopped | ¼ cup of fresh continental parsley, finely chopped | ¼ cup of fresh coriander, finely chopped | tbsp chives | 1 medium-sized carrot, grated | 2 medium-sized button mushrooms*, finely chopped | Cracked pepper | Bread / roll / bun of your choice* | Fresh tomato / lettuce / cucumber | Hard cheese – cheddar / tasty / haloumi | Tomato sauce / BBQ sauce / lemon juice","Combine beef, egg, olive oil, selected vegetables, herbs and spices into a large bowl and mix together. Divide mixture into 6-8 portions and roll into balls. | Spray or drizzle olive oil into a pan or on a BBQ plate. Heat oiled pan/BBQ plate first before placing burgers. | Cook burgers on a medium heat for ~3 minutes each side or until cooked through. | Add fresh salad vegetables, cheese and condiments of your choice, as toppings to the cooked burger and bun.",1596.0,31.9,29.4,14.3,2.6,3.4,True,ok
"Creamy Pasta with Smoked Salmon, Lime & Dill",https://www.monashfodmap.com/recipe/creamy-pasta-smoked-salmon-lime-dill/,Serves: 4,Cook: 25 minutes,27,"This will become a family favourite! Perfect for those warm summer nights, it&#x27;s simple, quick to make and perfectly balanced.",4,PT10M,PT25M,PT35M,"1 packet of gluten free pasta | tbsp garlic-infused olive oil | Oyster mushrooms, thinly sliced | 1 lime, zest and juice | Smoked salmon pieces | 4 cups baby spinach | Low FODMAP chicken stock | tbsp cornflour | Full-fat milk (lactose-free if required) | 1 large bunch of dill, finely chopped | Finely grated pecorino cheese, to serve","Cook pasta according to packet directions, drain. Toss though a little olive oil to stop the pasta from sticking together then set aside. | In a large pan, heat oil over medium to high heat. Add oyster mushrooms and saute for 1-2 minutes until soft. | Add lime zest, lime juice, smoked salmon pieces, baby spinach leaves and chicken stock to the pan. Stir until baby spinach leaves begin to wilt and the sauce has reduced slightly. | In a separate bowl or jug, add cornflour to milk and whisk until dissolved. Then, slowly pour milk into the pan while stirring continuously. | Finally, add cooked pasta and dill to the sauce. Toss until pasta is evenly coated in sauce and the sauce has thickened. | Divide pasta between bowls and sprinkle with grated pecorino cheese to serve.",1875.0,25.3,52.7,15.6,3.9,4.7,True,ok
Fresh Salmon Fillet with Middle Eastern Vegetable Quinoa,https://www.monashfodmap.com/recipe/fresh-salmon-fillet-middle-eastern-vegetable-quinoa/,Serves: 2,Cook: 35 minutes,27,Try this healthy meal with a Middle Eastern twist!,2,PT10M,PT35M,PT45M,"2 salmon fillets | tbsp olive oil | 1 lemon, juiced | Quinoa white grains | Low FODMAP chicken stock | 2 tsp ground cumin | 1 tsp Coriander seeds | 1 tsp tumeric | tbsp olive oil | 1/3 eggplant, char-grilled and diced | 1 green capsicum, char-grilled and diced | ½ cup zucchini, char-grilled and diced | 1 tsp ginger, finely grated | 1 bunch coriander, washed and chopped | 1 bunch chives, chopped | 1 bunch spring onions, green tops only | 2 lemons, juiced | Salt and pepper, to taste","Preheat a BBQ or grill. Grease with a little olive oil. | Lightly brush salmon with olive oil and barbeque/grill on a medium heat for approximately three minutes on each side. | Place quinoa in a saucepan and add enough stock or water to just cover the surface. Bring to the boil. Reduce heat to a simmer until cooked. | Cool completely and set aside in a large bowl. | Combine cumin, coriander seeds and turmeric, and dry roast until just smoking. | Char grill vegetables then mix with remaining ingredients and the quinoa, toss lightly. | Season to taste and serve topped with the salmon",3312.0,47.7,34.7,49.0,14.6,18.0,True,ok
Potato Latkes,https://www.monashfodmap.com/recipe/potato-latkes/,Serves: 4,Cook: 20 minute,27,Crispy and delicious traditional Jewish potato latkes for Hanukkah,4,PT15M,PT20M,PT35M,"Starchy potatoes | 2 small eggs | ¾ cup green spring onion tips, finely chopped | tbsp gluten-free all-purpose flour | 1 tsp salt | ½ tsp freshly ground black pepper | tbsp oil, for frying","Finely chop the green spring onion tips. Place to one side. | Peel, wash and grate the potatoes. If you have a food processor you can use the finely shred blade to speed up this process. Once shredded, take a handful of potato and give it a couple of good squeezes to remove excess water. Place in a large bowl. Repeat until all the potato has been squeezed. | Beat the eggs in a small bowl. | Place the eggs, green spring onion tips, gluten-free all purpose flour, salt, and black pepper in the large bowl. Mix through the potato. (Do not prepare the potato in advance as this will cause it to go brown and soggy!) | Place a large non-stick frypan on to heat over medium-high heat, add ½ Tbsp of cooking oil. | Once hot, begin frying the pancakes immediately. Place a couple of tablespoons of mixture into your hands, shape into a flat pancake and place in the frypan, then flatten again with a spatula. If the mixture is too wet, squeeze out the excess liquid as you form the patties. Fry for 3 to 4 minutes per side until golden brown. I normally cook mine in two batches. | Serve the potato pancakes hot or at room temperature with your preferred side dishes.",1225.6,7.0,39.8,12.2,3.9,2.8,True,ok
Ground Beef Tortillas,https://www.monashfodmap.com/recipe/ground-beef-tortillas/,Serves: 4,Cook: 30 minutes,27,Ground beef tortillas are the perfect way to get your family into the kitchen!,4,PT10M,PT30M,PT40M,"Premium ground beef (beef mince) | tbsp garlic-infused olive oil | 3 medium carrots, grated | 2 cups fresh kale, finely shredded | 1 can chopped/crushed tomatoes | Low FODMAP beef stock | 2 tsp paprika | 1 tsp ground cumin | 1 tsp dried oregano | 2 tsp Worcestershire sauce | 1 cup green spring onion tips | ½ cup fresh coriander | ⅓ cup buckwheat groats | Salt and pepper, to taste | 8 corn tortilla | 4 cups lettuce | Red Capsicum (Bell Pepper) | Green Capsicum (Bell Pepper) | 1 medium cucumber","Prepare the vegetables. Grate the carrots and finely shred the kale. Finely chop the green spring onion tips. Roughly chop the fresh coriander. Place the coriander and spring onion tips to one side for later. | Heat a large frypan over medium-high heat. Add the garlic infused oil. Fry the ground beef (mince) until brown. Then add the beef stock, canned tomatoes, kale, carrots, paprika, ground cumin, dried oregano, and Worcestershire sauce. Season generously with salt and pepper. Mix well. Reduce heat to medium-low and allow to simmer for 15 to 20 minutes. | While the ground beef cooks, cook the buckwheat. Measure out the buckwheat groats and place in a small saucepan (make sure it has a lid). Add ⅔ cup (170ml) of cold water. Place over medium-high heat and bring to the boil. Then turn down the heat to medium-low, cover, and allow to simmer for 10 minutes. Check that the buckwheat is soft, then drain and rinse in warm water. Drain again. | While the buckwheat and ground beef finish cooking, make the salad. Wash and shred the lettuce, deseed and dice the red capsicum, peel and thinly slice the cucumber. Grate the cheese if using. | Once the buckwheat is cooked, you can mix it through the ground beef mixture. Just before serving mix through the fresh coriander and the green spring onion tips. Season with more salt and pepper if needed. | Warm the corn tortillas according to packet directions. | Serve the ground beef in the tortillas with the salad. Add a serve of low FODMAP cheese, lactose free mayonnaise or garlic infused mayonnaise for extra flavour. Enjoy!",2084.0,41.8,33.7,20.5,11.4,16.4,True,ok
"Ham, Cheese & Spinach Toasted Sandwiches",https://www.monashfodmap.com/recipe/ham-cheese-spinach-toasted-sandwiches/,Serves: 2,Cook: 5 minutes,27,This toastie is packed with flavour while being so simple to make. Plus its low FODMAP!!,2,PT5M,PT5M,PT10M,4 slices sourdough spelt bread* | tbsp butter | 1 tsp dijon mustard | 2 slices hard cheese | 2 slices leg ham | ½ cup baby spinach,"Preheat a sandwich maker | Spread 4 slices of bread with butter | Turn over 2 slices of bread and spread with mustard. Top with cheese, ham and spinach. Sandwich together with the remaining 2 slices of bread. Buttered sides should face out. | Place sandwiches in the sandwich maker and cook for 2-3 minutes, or until bread is golden brown and cheese is melted.",1628.0,18.8,28.2,21.7,2.3,1.8,True,ok
Berry Frangipane Tart,https://www.monashfodmap.com/recipe/berry-frangipane-tart/,Serves: 6,Cook: 30 minutes,27,"This recipe is one of the quickest, most impressive desserts you&#x27;ll find. The hardest thing will be keeping to the low FODMAP serve size!",6,PT10M,PT30M,PT40M,"Butter, softened | ½ tsp vanilla extract | ⅓ cup caster sugar | 1 egg | ¾ cup almond meal | tbsp gluten-free cornflour | Blueberries (or a mix of low FODMAP berries) | tbsp pure icing sugar","Preheat oven to 180°C/356°F. Grease 6-8 loose-based flan tins and place on oven tray, you can also use one large loose-based shallow tin. | Mix butter, vanilla, and caster sugar together in a small bowl with electric mixer until combined. Add the egg and mix well. | Gently mix in the almond meal and cornflour, stir until smooth. Spoon the mixture into the tin/s, smooth the surface with the back of a hot spoon and sprinkle with blueberries, pushing them into the mix slightly. | Bake in the oven for 30 mins until the surface is golden brown and firm to touch. Let stand before turning out of the trays. | Serve with a dusting of icing sugar.",1145.0,4.1,23.5,18.5,1.7,20.4,True,ok
Gnocchi alla Trapanese,https://www.monashfodmap.com/recipe/gnocchi-alla-trapanese/,Serves: 2,Cook: 20 minutes,28,"Here is a super fast, classic pesto recipe you can whip up for dinner tonight!",2,PT5M,PT20M,PT25M,Pepitas (pumpkin seeds) | Basil | tbsp garlic infused olive oil | tbsp extra virgin olive oil | Pecorino cheese | ~10 cherry tomatoes | Green beans | Gluten free gnocchi | 1 lemon | Rocket,"Fill a pot with salted water and bring to the boil over a high heat. | Place pepitas into a bowl, add a pinch of salt. | Pick and very finely chop the basil, and stir into the pepitas with 1 tbsp of olive oil and 1 tbsp of garlic oil. Season with salt and black pepper, then finely grate in half the pecorino. | Halve the tomatoes and add to the pesto mix. Crush with your hands until they are mixed together. | Trim the beans and add to boiling water for 4 minutes, or until tender. Lift out of pan and chop into 3cm lengths. Put aside. | Add the gnocchi to the boiling water and cook for 2 to 3 minutes, or until they float. | Drain, reserving a mugful of cooking water, then tip back into the warm pan along with the pesto and beans. Put the pan over low heat and stir gently, loosening with cooking water, until everything is hot and the gnocchi is coated with pesto. | Measure 1 tbsp of olive oil into a bowl, season, and squeeze in lemon juice to taste. Add the rocket, then toss to cover. | Divide the gnocchi between plates, scatter with rocket and grate over the remaining pecorino.",2110.0,13.57,65.9,19.3,4.9,4.5,True,ok
"Ham, Cheese and Spinach Breakfast Muffins",https://www.monashfodmap.com/recipe/ham-cheese-and-spinach-breakfast-muffins/,Serves: 6,Cook: 20-25 minutes,28,"Looking for something different for breakfast? Here is a delicious, low FODMAP muffin recipe which is very easy to make and a good source of fibre.",6,PT10M,PT25M,PT35M,"1½ cups corn (maize) flour | ½ cup oat bran | 2¼ tsp baking powder | ½ tsp xanthan gum | ⅓ cup lactose free cream (thickened) | ½ cup lactose-free milk. A little extra if required | 2 large eggs | 1 cup diced, lean good quality ham | ½ cup chives, chopped | ¾ cup low fat, grated cheddar cheese | 1¾ cup baby spinach, roughly chopped | Olive oil spray for muffin cases | Extra ⅓ cup grated, low-fat cheddar cheese | ½ tsp smoked paprika","Preheat oven to 160°C/320°F (180°C/356°F if not fan-forced) and on a lower shelf of the oven, half fill a baking tray with boiling water. | Sift flour, baking powder and xanthan gum into a large bowl then stir through bran. | In a separate bowl, whisk eggs with the cream and milk. Stir in ham, chives, spinach and cheese. | Make a well in the flour mix and fold wet mix into the dry ingredients. You may have to add more milk to achieve a dough that is slightly sloppy, but not too wet). | Place large muffin cases in a muffin tray and spray well with olive oil. | Fill muffin cases (see tip below) and tap down top surface with a wet finger. | Sprinkle the top of each muffin with grated cheese, then paprika. | Bake for about 20 to 25 minutes until golden brown (an inserted skewer should be clean when removed).",1337.0,15.07,35.83,11.79,2.69,2.24,True,ok
Chinese Style Chicken & Creamed Corn Soup,https://www.monashfodmap.com/recipe/chinese-style-chicken-creamed-corn-soup/,Serves: 6,Cook: 55 minutes,28,"This popular, delicious and simple Chinese style soup that makes a mouth-watering main, starter or snack",6,PT5M,PT55M,PT60M,"low FODMAP chicken stock or Monash University Low FODMAP Certified™ chicken stock (salt reduced) | 1 large raw chicken breast, skinless and bone-free | 1 can creamed corn | 3 tsp ginger, fresh, finely chopped or grated | 1 can water chestnuts, sliced, drained | tsp corn (maize) starch | tbsp soy sauce | 2 large eggs, beaten | 3 tsp sesame oil | 1 cup green spring onion top, finely sliced | Extra green tops, fresh chilli, bean shoots and lemon wedges for serving","Bring the stock to the boil in a large saucepan. Drop in chicken breast, turn off the heat, cover with a lid and steep for 30 minutes. Remove the chicken breast and refresh in cold water for about 10 minutes. See tips below if you are using leftover cooked chicken. Finely shred or chop the chicken. | Add corn, water chestnuts, sesame oil and ginger to stock and bring to the boil then reduce to a simmer. | Combine soy sauce and cornflour into a paste then drizzle into the soup while constantly stirring into the soup to slightly thicken. | Add shredded chicken to the soup and slowly drizzle in egg while stirring. | Add the green onion tops, bring to a bear simmer. | Serve into bowls topped with extra green onion tops, a squeeze of lemon, bean shoots and fresh chilli slices on the side.",1324.0,28.9,16.3,13.8,3.9,6.8,True,ok
Carrot Cake Porridge,https://www.monashfodmap.com/recipe/carrot-cake-porridge/,Serves: 4,Cook: 20 minutes,28,"Carrots in porridge? For some, an odd combination but we promise, it is super delicious!",4,PT5M,PT20M,PT25M,"1 cup rolled oats | 3 cups of water | 2 medium carrots, grated | 1 tsp cinnamon | tbsp linseeds (flaxseeds) | ¼ cup raisins OR dried cranberries | ¼ cup walnuts (or other low FODMAP nuts you like) | ½ cup milk of your choice | 4 tbsp hemp seeds (optional) | Maple syrup to serve","In a medium pot, add the oats and water stirring with a wooden spoon over medium heat. | When the oats just come to a boil, turn the heat down and add the carrots and cinnamon, stirring. | When the porridge has cooked to your liking, about 10-12 minutes total, take off the heat and stir in the linseeds (flaxseeds), dried fruit and nuts. | Serve into 4 bowls and top with the milk, maple syrup and to boost your protein, 1 Tbsp of hemp seeds.",1213.7,9.6,29.5,14.0,5.6,12.3,True,ok
Breakfast Tortillas,https://www.monashfodmap.com/recipe/breakfast-tortillas/,Serves: 4,Cook: 10 minutes,28,Change up brekkie with these quick and easy protein rich tortillas!,4,PT5M,PT10M,PT15M,"4 corn tortillas^ | 4 eggs | tbsp macadamia dukkah* | 1 cup mozzarella cheese, grated | Natural yoghurt, lactose free if required | 2 medium tomatoes, diced | Parsley or coriander to serve","Place a medium pot filled with water on the boil. When simmering, add the eggs (in their shell) for 5½ minutes. Remove and rinse under cold water to stop the cooking process and peel when cooled. | Heat a large non-stick pan on medium heat, heat tortillas for ~20 seconds on each side until they are soft and warm. As you cook them, place in a sealed plastic container and cover with a dry cloth to keep them hot and soft ready for serving. | Spread the yoghurt over the tortillas, sprinkle with cheese and diced tomatoes. Cut the boiled eggs in half and place on the tortilla and sprinkle with dukkah and herb of your choice. | Season with salt and cracked pepper to taste, you can squash the egg in the centre of the tortilla and wrap it up for a portable breakfast.",1600.0,19.3,27.0,20.1,3.4,3.2,True,ok
Braised Lamb Shanks,https://www.monashfodmap.com/recipe/braised-lamb-shanks/,Serves: 4,Cook: 2 hours 40 minutes,28,"Here is a filling, easy to prepare lamb shank recipe cooked with low FODMAP veggies",4,PT10M,PT160M,PT170M,"4 trimmed lambs shanks | Olive oil spray | Beef stock or Massel&#x27;s Monash FODMAP certified beef stock. (Some extra might be required so the lamb shanks are almost covered prior to braising). | 1 cup dry red wine | tbsp tomato paste | tbsp olive oil and garlic-infused oil | 3 large carrots, top, tailed, scrubbed, coarsely diced | 3 medium parsnips, top, tailed, peeled, coarsely diced | 1 large eggplant, topped, coarsely diced | 8 sprigs rosemary leaves | 1 tsp salt, to taste | 1 tsp cracked black pepper, to taste","Preheat oven to 220°C, line a baking tray with non-stick paper, lightly spray the shanks with olive oil and roast for 30 minutes. Discard the fat. | In a saucepan over a high heat, sauté the vegetables and rosemary in the olive oil and garlic oils for about 10 minutes or until lightly browned. Add the wine, stock and seasoning (to taste) and bring to the boil. | Place the shanks in a single layer in an oven proof dish with a lid (Dutch Oven) or a deep baking tray. Add the vegetables, stock and wine (if required, top up with extra stock until the shanks are almost covered). | Cover very tightly with non-stick paper and a double layer of aluminum foil (or a tightly fitting lid) and braise at 160°C for 2 hours.",2251.0,34.2,28.6,31.2,10.8,14.4,True,ok
Banana Bread Smoothie,https://www.monashfodmap.com/recipe/banana-bread-smoothie/,Serves: 1,Cook: No cooking required,29,When you&#x27;re craving sweets but a piece of fruit isn&#x27;t cutting it - THIS SMOOTHIE!,1,PT5M,PT0M,PT5M,"1 firm (slightly green) banana, peeled, sliced and frozen | ½ cup unsweetened almond milk (calcium-fortified) | ¼ cup rolled oats | ¼ cup plain low-fat Greek yoghurt* | ½ tsp vanilla essence | 1 pinch of cinnamon | 1 pinch of nutmeg | ½ tsp maple syrup (optional - if you like a sweeter smoothie)",Add all ingredients into a blender and blend until smooth and creamy. Serve immediately!,1373.0,10.3,52.9,7.7,6.3,28.6,True,ok
Oat and Banana Pancakes,https://www.monashfodmap.com/recipe/oat-and-banana-pancakes/,Serves: 6,Cook: 20 minutes,29,"Pancakes, flapjacks or griddle cakes are an old favourite for breakfasts and snacks and the kids love them as well!",6,PT20M,PT20M,PT40M,"1 cup rolled oats | ⅓ cup unprocessed oat bran | ⅔ cup rice flour | 2 eggs | 1½ firm bananas | Low-fat milk (lactose-free if required), extra if required | 2 tsp baking powder | ¾ tsp cinnamon (optional) | 1 small pinch salt","Weigh or measure all dry ingredients into a food processor, blender or Thermomix and process until they are fine. | Add the bananas, eggs and gradually pour in the milk and mix until the mixture has a slightly runny consistency. Add more milk if required. | Rest batter for 15 mins. Note that the mixture will thicken during resting so add more milk if it is too thick to spoon into a frypan. | Heat some butter and/or spray oil in a frypan over a medium heat. | Spoon the mixture (about 2 Tbsp per pancake) into the frypan to form ~9cm pancakes. | Cook until bubbles start to form on the top (reduce the heat if required to prevent burning). | Flip and cook ~ 1 min on the other side (pancakes should be golden on both sides).",924.0,8.0,33.0,6.0,3.6,7.0,True,ok
Atlantic Salmon with Thick Cut Potato Chips,https://www.monashfodmap.com/recipe/atlantic-salmon-thick-cut-potato-chips/,Serves: 4,Cook: 1 hour,29,Try this healthy version of fish and chips the whole family can enjoy,4,PT10M,PT60M,PT70M,"4 Atlantic salmon fillets (from the body of the fish not the tail, buy with skin on to reduce the cost), scored twice on the skin side in the thickest part of the fish. | Fresh lemons as required for basting. | Salt, to taste | 8 small kipfler potatoes | Olive oil to drizzle | Salt, to taste | Paprika or mixed fresh herbs to taste, optional","Wash the potatoes very well removing any soil. | Boil the potatoes for 20 minutes in salty water over the stove. | Preheat the oven to 220°C/428°F or 200°C/392°F if fan forced. | Remove the potatoes from the boiling water and leave to cool for a few minutes. Peel (optional) and slice the potatoes into ~ 6 chip slices. | With a fork scrape along all the sides of the potatoes to roughen up the sides. This will allow the oil and salt to go into the crevasses for extra flavour and help crisp the chip. | Drizzle olive oil over the potatoes and sprinkle with sea salt. Now you can also add in your fresh herbs or sprinkle paprika if you choose. Toss to coat the potatoes. | Place the potatoes on a tray lined with baking paper and cook in the oven for 20-30 minutes. Meanwhile, BBQ the salmon. | Heat BBQ to high setting and preferably use a grill not a plate. | Place fish on BBQ skin side down. Add salt, butter, squeeze of lemon and herbs/spices. | Grill salmon for 10-15 min, turning the fish about halfway through cooking and adding extra butter, lemon and herbs and spices as desired.",2405.0,32.5,39.3,32.5,4.6,3.4,True,ok
Beef & Fetta Meatballs with Kale Pesto Pasta,https://www.monashfodmap.com/recipe/beef-fetta-meatballs-kale-pesto-pasta/,Serves: 4,Cook: 15 minutes,29,"A common tasty, quick and easy dinner is pesto pasta, however picking up a packet of pasta and a jar of pesto is usually not a low FODMAP option, so here is a great alternative!",4,PT15M,PT15M,PT30M,"Lean beef mince | Feta cheese | 2 slices Monash FODMAP certified bread, made into breadcrumbs | tbsp flat leaf parsley, chopped | tbsp tomato paste | cherry tomatoes | Gluten free pasta | Red wine vinegar, to drizzle | Chopped kale | ⅓ cup firmly packed basil leaves | ⅓ cup finely grated pecorino | tbsp garlic-infused olive oil | Olive oil | tbsp lemon juice | 3 tbsp pepitas (pumpkin seeds)","Preheat oven to 220°C/428°F. Line a baking tray with baking paper. | Make the pesto by placing kale, pecorino, pepitas and basil in a food processor. Process until finely chopped. With the motor running, gradually add the oil and lemon juice in a thin, steady stream until combined and set aside. | Combine mince, fetta, breadcrumbs, parsley and tomato paste in a bowl and season. Roll tablespoons of mixture into balls. Place on the lined tray and spray with olive oil. Bake for 10 minutes then turn and add the tomatoes to the try and bake for a further 10 minutes, or until meatballs are cooked through. | Whilst meatballs are in the oven, cook the pasta according to the packet instructions. Just before draining the pasta, reserve ⅓ cup of cooking liquid (this helps the pesto stick to the pasta and makes a creamy sauce). | Place drained past back into cooking pot and add the pesto and reserved liquid, portion out and evenly distribute the meatballs and tomatoes on top and drizzle with a small amount of red wine vinegar for a little zing.",2590.0,44.0,9.0,44.0,2.9,2.7,True,ok
"Capsicum, Fetta & Chicken Sandwiches",https://www.monashfodmap.com/recipe/capsicum-fetta-chicken-sandwiches/,Serves: 2,Cook: 20 minutes,29,Change up your lunch with this gourmet sandwich. Simple yet delectable!!,2,PT5M,PT20M,PT25M,"1 chicken breast fillet | Olive oil cooking spray | 4 slices, sourdough spelt bread* | Fetta cheese | 1/4 medium red capsicum, deseeded, cut into strips | ¼ cup basil leaves","Cut the chicken breast in half, to form 2 thin fillets. Spray with olive oil. Season with salt and pepper. Heat a frying pan over medium heat. Cook chicken fillets for 3 minutes on each side, or until just cooked through. Remove to a plate. Cover with foil. Stand for 5 minutes. Slice into thin strips. | Preheat a sandwich press. Lightly spray 4 slices of bread with oil. | Place 2 slices of bread on a place, oiled side down. Spread with feta. Season with salt and pepper. Top with chicken, peppers and basil. | Sandwich together with remaining bread slices, oiled side up. | Cook sandwiches for 5 to 6 minutes or until golden. Serve.",2515.0,46.0,40.0,27.2,6.2,4.0,True,ok
Macadamia Nut Dukkah,https://www.monashfodmap.com/recipe/macadamia-nut-dukkah/,Serves: 20,Cook: 15-20 minutes,29,"Dukkah is a delicious, versatile, Middle Eastern sprinkle and there are many variations available!",20,PT5M,PT20M,PT25M,"⅓ cup macadamia nuts | Tbsp sesame seeds (white) | Tbsp coriander seeds | Tbsp cumin seeds | Tbsp cinnamon (ground Dutch) | 1 tsp chilli powder (optional) | 1 tsp pepper (black, ground or milled) | 1 tsp salt","Roast macadamia nuts at 160°C/320°F for ~15 to 20 minutes (see tips below). Cool nuts. | Roast coriander seeds and cumin seeds separately until aromatic (see tips) and cool. | Roughly grind cumin and coriander in a spice grinder or mortar and pestle. | Roughly grind nuts in a mortar and pestle or a place in a sturdy plastic bag and belt with a mallet or rolling pin. Note, make sure they are still chunky! | Mix all ingredients well. | Store in a snap seal bag or container in the freezer (see tips)",144.6,0.8,0.8,2.9,1.4,0.2,True,ok
Asian Inspired Quinoa Salad,https://www.monashfodmap.com/recipe/asian-inspired-quinoa-salad/,Serves: 4,Cook: 20 minutes,30,"Quinoa is known as quite a trendy food but in fact it is delicious, low in FODMAPs and a higher fibre alternative to other grains such as rice.",4,PT10M,PT20M,PT30M,"1 cup of tri-coloured quinoa cooked in 2 cups of water or our certified low sodium vegetable or chicken-style stock (or homemade low FODMAP stock) | 1 large red capsicum, large, ½ cm diced | 2 medium Lebanese cucumbers, ½ cm diced | 1 large carrot, grated | ½ cup fresh mint, chopped | ½ cup fresh coriander, chopped | Juice of 2 lemons OR limes | tbsp of fish sauce (soy sauce or vegan fish sauce for vegan option) | 2 tsp ginger, minced | 2 tsp sesame oil | Chopped fresh chilli (optional)","Rinse quinoa very well in a fine sieve*. Cook quinoa by covering 1 cup with 1½ cups stock or water and microwave in a covered container for 10 minutes. Alternatively, to cook on the stove top, bring to the boil, then reduce heat to very low and cook covered for 10 minutes. Allow quinoa to rest (still covered) off the heat for a further 10 minutes. Place in a large bowl and fluff with a fork then allow to cool. | *It is very important to rinse your quinoa well or it will taste VERY bitter | While the quinoa is cooking prepare the vegetables and herbs then add to the quinoa and combine. | Add all dressing ingredients into the bowl and mix well.",860.0,7.7,32.7,4.7,6.2,10.5,True,ok
Pecan Pie,https://www.monashfodmap.com/recipe/pecan-pie/,Serves: 8,Cook: 1 hour,30,"Try this delicious, low FODMAP Pecan Pie treat to share with your friends and family.",8,PT30M,PT60M,PT90M,"1 cup water | 2 tsp salt | Unsalted butter, chopped and kept cold | Gluten free flour mix (plus ½ cup for kneading) | Xanthan gum | 2 eggs | Unsalted butter, chopped | Brown sugar | Rice malt syrup | Maple syrup | 3 eggs, lightly beaten | 1 tsp vanilla extract | Pecans | Lactose free cream to serve","Preheat oven to 200°C/392°F | In a saucepan, combine water, salt and butter. | Bring to a simmer and add the flour and xanthan gum. Stir vigorously with a wooden spoon. Lower temperature and continue cooking and stirring until the pastry comes away from the sides and is well combined. Remove from heat and let cool to room temperature. | When cooled, whisk 1 egg at a time, add the first egg and incorporate fully. If the mixture is a dough texture you may not need the other egg. | Turn dough out onto a surface with the extra ½ cup of flour and knead until shiny. | Wrap pastry in cling film and refrigerate. | When chilled (can leave it overnight) roll pastry between two sheets of baking paper with a rolling pin until 0.5cm thick. | Place pastry into greased loose bottom fluted pie dish and press down, trim edges with a knife. | Pierce bottom of pastry several times with a fork to avoid it puffing up, blind bake with baking beans or rice for 15 minutes. | Reduce oven temperature to 175°C/347°F | Place butter, sugar, rice malt and maple syrup into a saucepan and cook over a low-medium heat, stirring until butter melts and mixture is smooth, not grainy. | Remove from heat and leave to cool slightly. | When cooled, add eggs and vanilla and whisk to combine. | Scatter pecans over pastry base and pour syrup over the top. | Place pie on an oven tray and bake in the oven for 35 minutes or until filling is browned and firm to touch.",2568.0,8.2,57.8,39.9,2.5,32.4,True,ok
Chicken or Beef Stock,https://www.monashfodmap.com/recipe/chicken-or-beef-stock/,Serves: 600ml stock,Cook: 8 hours,30,,,,,,,,,,,,,,True,missing_json_ld
Green Smoothie,https://www.monashfodmap.com/recipe/green-smoothie/,Serves: 1,Cook: No cooking required,30,Need breakfast on the run? Or an afternoon pick me up? Then this low FODMAP green smoothie is the perfect option.,1,PT5M,PT0M,PT5M,"Fresh pineapple (chopped into pieces &amp;amp; frozen, see hints) | 1 cup of baby spinach | 60ml (¼ cup) lactose-free yoghurt | 80ml (⅓ cup) soy protein milk (almond milk, lactose free milk, hemp milk or coconut milk) | tbsp dried shredded coconut | 2 tsp chia seeds | 6 large ice cubes","Place the pineapple pieces, baby spinach, goat’s milk yoghurt, soy protein milk (or low FODMAP milk), dried shredded coconut, and chia seeds into the blender. Then add the ice cubes – if you are using unfrozen pineapple, add a couple more ice cubes. | Blend until smooth. If your mixture is too cold and won’t blend, add a little bit more low FODMAP milk and then continue blending. | Serve immediately and enjoy!",1047.0,9.6,23.49,11.44,6.54,20.32,True,ok
Vegan French Toast,https://www.monashfodmap.com/recipe/vegan-french-toast/,Serves: 1,Cook: 5 minutes,30,Wake up to this irresistible vegan weekend breakfast that is also low FODMAP!!,1,PT5M,PT5M,PT10M,¼ cup soy milk made with soy protein | Firm tofu | ½ tsp vanilla extract | 1 tsp cinnamon | 1 tsp nutmeg | 1-2 slices of gluten-free bread or spelt sourdough bread | 1 tsp of oil for cooking OR cooking oil spray | Maple syrup to serve,"Add the tofu, soy milk, vanilla extract, cinnamon and nutmeg to a blender and process until well combined. If you don&#x27;t have a blender, just give it a good whisk in a small bowl. | Pour the wet mix into a shallow dish and add the bread. Leave the bread to soak for a minute or so, then flip it over to make sure the other side of the bread is coated. | Heat a non-stick frying pan over medium-high heat and add oil. When the oil is hot, add the bread to the frying pan. Cook on one side for a few minutes until golden brown, then flip the bread over and cook until the other side is golden brown. | Serve on a plate and top with maple syrup.",1354.0,18.3,32.9,10.8,4.9,2.4,True,ok
Herby Chicken & Pork Meatballs with Cranberry Sauce,https://www.monashfodmap.com/recipe/herby-chicken-pork-meatballs-cranberry-sauce/,Serves: 21 meatballs - 3 per serve,Cook: 20 minutes,30,Looking for a finger food platter to take to your next party? Try these low FODMAP chicken and pork meatballs with cranberry sauce.,21 meatballs - 3 per serve,PT30M,PT20M,PT50M,"Lean pork mince | Lean chicken mince | 1 medium egg | ¾ cup spring onion tips (green tips only) | tbsp garlic infused oil | ½ tsp dried thyme | 1½ tsp dried oregano | tbsp fresh parsley | ½ cup gluten free breadcrumbs | 1 tbsp soy protein milk (lactose-free milk, hemp milk, almond milk) | 1 tbsp neutral oil (Ricebran, Canola, Olive Oil) | Dried cranberries | Boiling water | ⅓ tsp orange zest (Strip from a small orange) | tbsp white sugar | 1 tsp pinot noir wine (optional)","Place the dried cranberries in a large bowl. Pour over boiling water until they are completely submerged. Cover the top of the bowl with clingfilm to keep the steam in. Leave to soak for 20 to 30 minutes, until the cranberries have rehydrated and are soft. | While the cranberries soak, make the meatballs. Beat the egg in a small bowl. Roughly chop the green tips of the spring onion and finely chop the fresh parsley. Place the chicken and pork mince, spring onion tips, fresh parsley, beaten egg, garlic infused oil, dried thyme, gluten free breadcrumbs, and soy protein milk (lactose free milk, almond milk or hemp milk) into a large bowl. Mix with your hands until well combined. | Roll the mixture into about 21 small meatballs and place on two dinner plates. Place a large non-stick frypan on to heat over medium high heat. Place the dinner plates into the microwave and cook on high for 30 seconds per plate (this will help cook the centre of the meatball). | Add the neutral oil to the frypan. Transfer the meatballs into the hot frypan and cook for 5 to 10 minutes until the meatballs are golden and cooked through. Make sure you shake the pan every couple of minutes to move the meatballs so they cook evenly. Once cooked through transfer to a serving plate. | While the meatballs cook, finish the cranberry sauce. Zest the orange (the trick is to only zest the bright orange layer and not the bitter white layer underneath) | Drain the cranberries using a sieve but save the cranberry water they soaked in (the cranberries should now weigh about 225g or 7.9 oz). Transfer the cranberries with 6 to 7 tablespoons of cranberry water to a blender/food processer or use a stick blender. Process until reasonably smooth (a few chunky bits of cranberry are okay). | Place into a small saucepan and add the sugar, orange zest and pinot noir wine if using. Place over medium low heat and allow the sugar to dissolve and sauce to reduce slightly (this will take about 5 minutes), stirring occasionally. To burn off the alcohol in the wine allow the sauce to simmer for 1 minute. Once the sauce is your desired consistency remove it from the heat and place in a small bowl. Garnish with orange zest if desired. | Serve the chicken and pork meatballs with the cranberry sauce. I would recommend placing a teaspoon in the sauce so people can scoop it onto the meatballs. Serve meatballs and sauce warm or cold. Make sure you divide the cranberry sauce into 10 serves to stay within the low FODMAP serving size. This is just over a tablespoon per person. | If you are making the meatballs and sauce in advance make sure you keep them in the refrigerator.",1289.0,20.5,21.8,15.5,1.5,11.7,True,ok
Vegetable Stir Fry,https://www.monashfodmap.com/recipe/vegetable-stir-fry/,Serves: 4,Cook: 10 minutes,31,Asian inspired stir-fries are one of the fastest and healthiest meals you can easily whip up.,4,PT10M,PT10M,PT20M,"¼ cup canola oil | tbsp garlic-infused oil | 2 tsp sesame oil | tbsp ginger, finely minced | 1 red chilli, sliced finely (optional) | Bean sprouts | 2 large zucchinis | 1 large green capsicum (bell pepper) | 2 carrots | Oyster mushroom | ⅓ cup soy sauce | tbsp cider vinegar | 1 bunch herbs like Thai basil and/or coriander leaves | tbsp toasted sesame seeds, to serve",Prepare all the vegetables. Roughly chop the greens and if leafy keep the stems separate and chop in half for faster cooking. Finely slice the hard vegetables e.g. carrots into long diagonals. Rip the oyster mushrooms into lengths. | Heat the oils in a wok or large pot and quickly fry the ginger (and chillies if using) for about 1 minute. | Add the harder vegetables in the order that they take longest to cook e.g. carrots first. Repeatedly stir and cover for a few minutes. Add the zucchini and repeat then finally add the remainder of vegetables and stir and cover for about a minute. | Add the soy sauce and vinegar and stir and cover until the greens have wilted. | Remove from the heat and stir through the herb leaves and serve immediately on its own or with brown rice or noodles. Garnish with toasted sesame seeds.,1426.0,7.0,10.3,29.0,9.0,8.4,True,ok
Broccoli Salad with Yoghurt Dressing,https://www.monashfodmap.com/recipe/broccoli-salad-yoghurt-dressing/,Serves: 8,Cook: 5 minutes,31,"Looking for the perfect salad to accompany any occasion? Try this broccoli salad with hints of sticky, salty goodness!",8,PT10M,PT5M,PT15M,"2 large broccoli, cut into florets (stalks removed) | 2 cups baby spinach leaves | 1 large green capsicum, diced | Garlic free sun-dried tomatoes, cut into thin strips | 6 rashers cooked shortcut bacon, diced | ¼ cup feta cheese, crumbled | ¼ cup walnuts, toasted | ¼ cup green spring onion tops, finely sliced | Dressing: | Plain, low-fat yoghurt (lactose-free if required) | tbsp apple cider vinegar | tbsp pure maple syrup | tbsp wholegrain mustard | Salt and pepper to taste","Half fill a large pot with water and bring to the boil. Once boiling, place broccoli florets into pot and blanch for 1-2 minutes to soften slightly. Drain, rinse with cold water and set aside in a large salad bowl to cool. | Meanwhile, add dressing ingredients to a jug and whisk until well combined. | Add all remaining salad ingredients to salad bowl and pour over dressing. Toss with tongs until all ingredients are well combined and thinly coated in dressing.",793.0,12.5,11.2,9.5,4.6,10.6,True,ok
"Roast Pumpkin, Halloumi & Millet Salad with Lemon Herb Dressing",https://www.monashfodmap.com/recipe/roast-pumpkin-halloumi-millet-salad-lemon-herb-dressing/,Serves: 4,Cook: 55 minutes,31,"Looking for a low FODMAP vegetarian salad packed with protein, fibre and healthy fat? This delicious recipes ticks all the boxes.",4,PT5M,PT55M,PT60M,"1 tsp olive oil | ½ Japanese pumpkin, cut into large pieces | 1 tsp cumin | 1 tsp cinnamon | 1 tsp paprika | Canned brown lentils | 1 cup cooked millet | tbsp currants | 2 cups rocket | 1 tsp pumpkin seeds | Halloumi cheese, cut into 1cm thick slices | 1 bunch coriander, roughly chopped | Juice of 2 lemons | ¼ cup olive oil | ½ tsp cumin | ½ tsp ground coriander | Salt and pepper to taste","Pre heat oven to 180°C/350°F. Toss pumpkin in oil, paprika, cumin and cinnamon and place on lined baking tray. Roast in oven for 45 minutes of until tender. | In the meantime, drain and rinse lentils well. Add lentils, millet, currents and rocket to a salad bowl. | In a frying pan, add pumpkin seeds and lightly toast. Stir frequently and remove from heat once golden brown. Add to salad bowl. | Preheat a nonstick frying pan over a high heat. Place halloumi slices in the pan, sear the first side for one minute and flip and sear for 1-2 minutes on the second side. The cheese should be golden and crunchy on the outside and soft inside. Once cooked, remove and add to salad bowl. | Remove the cooked pumpkin from the oven and add to the salad bowl. | Add all the dressing ingredients to a jar and shake to combine. Poor dressing over salad and gently toss salad together.",1774.0,15.79,28.47,24.87,8.81,14.85,True,ok
Vegetable & Chickpea Soup,https://www.monashfodmap.com/recipe/vegetable-chickpea-soup/,Serves: 10,Cook: 35 minutes,31,Vegetable soups are great favourites regardless of the season and they can be a terrific way to use up those odds and ends in the fridge!,10,PT15M,PT35M,PT50M,"⅓ cup garlic-infused oil | 3 cups green leek leaves, 1cm diced | Water (extra boiling water if desired) | Diced tomato, canned | 2 tsp cracked black pepper | 1 large peeled swede (rutabaga) | 2 large peeled waxy potatoes | Jap pumpkin, peeled | 2 large peeled carrots | 1 medium eggplant | 1 large red capsicum, deseeded | 1×400g (235g drained) tin chickpeas, drained and washed | ½ bunch silverbeet, chopped | 1 cup shredded cabbage (common) | 1 bunch parsley stalks and leaves, chopped | Salt, to taste","Heat the oil in a stock pot and sauté the leek leaves until they start to caramelise. | Add the water, pepper and tomatoes and bring to the boil. | Add the vegetables in order of their cooking time. That is, add the ones that take the longest to cook first. So add swedes and simmer for 5 minutes before adding potatoes, carrot and pumpkin and cook for a further 10 minutes. Then add cabbage, red capsicum and chickpeas, cook again for about 5 minutes and lastly add silverbeet and parsley and simmer for a further 2 minutes.",778.0,6.5,21.0,7.0,8.6,19.3,True,ok
Homemade Beef Burgers,https://www.monashfodmap.com/recipe/homemade-beef-burgers/,Serves: 6,Cook: 10 minutes,31,"Here is very simple, delicious recipe that can be prepared ahead of time and even be frozen for a quick meal.",6,PT30M,PT10M,PT40M,"Lean beef mince | 6 shortcut bacon rashers, diced | tbsp garlic-infused oil | tbsp Olive oil (or cooking spray oil) | ½ cup oat bran | 1 cup chives, finely chopped | ¼ cup chopped fresh parsley | 1 large egg, whisked | 1 tsp tabasco sauce (optional or to taste) | Salt and pepper, to taste | Additional olive oil, to cook burgers | 6 low FODMAP rolls","Heat the oils over a medium heat and sauté the bacon until it starts to crisp. Remove from heat and cool to room temperature (note do not drain as the fat is important for a juicy burger). | Place all the ingredients in a large bowl and mix thoroughly. Divide the mixture into 6 equal parts (135g) and roll into balls then pat to flatten and shape (about 8.5m diameter and 2cm thick). Note, at this stage they can be frozen by separating them by sheets of non-stick paper. | Place burgers on a flat tray covered with non-stick paper, cover with plastic wrap and refrigerate for at least 20 minutes. Use this time to prepare the ingredients you plan to serve with the burgers. | Lightly oil a non-stick frying pan with additional oil and place over a high heat. When the pan is hot place burgers in a single layer and slightly reduce the heat. Cook for about 4 minutes on each side or until they are completely cooked through. You may need to do this in batches. Note, they can also be barbequed.",1282.0,25.0,5.5,20.1,2.1,0.6,True,ok
Tandoori Chicken,https://www.monashfodmap.com/recipe/tandoori-chicken/,Serves: 4,Cook: 30 minutes,31,Bring the flavours of India into the kitchen with this super easy low FODMAP tandoori chicken. recipe,4,PT25M,PT30M,PT55M,"½ cup plain greek yoghurt (or lactose-free yoghurt if you malabsorb lactose) | 2 tsp tomato paste | 1½ tsp paprika | 1 tsp ground coriander | 2 tsp salt | Chicken breast, in thick slices | 2 tbsp olive oil | Kent/Japanese pumpkin, cut into thick slices | 6 spring onions, green tops thinly sliced | ¼ cup fresh lime juice | tbsp ginger, peeled and finely chopped | 3 cups coriander leaves | Steamed rice, to serve","Move the oven racks to have one rack in the upper and another rack in the lower third of the oven. Preheat the oven to 230°C/450°F. | In a large mixing bowl mix together the yoghurt (lactose-free if needed), tomato paste, paprika, ground coriander, and 1 tsp of salt. Add chicken and toss to coat. Let sit at room temperature at least 10 minutes. | Using a rimmed baking tray grease with 1 tbsp of oil place the chicken on the tray leaving space between the chicken pieces. | In a bowl mix together 1 tbsp of oil and the pumpkin pieces. Coat the pumpkin and place on another non-stick baking tray. | Place the tray with the chicken on the top rack of the oven and the pumpkin on the lower rack. Leave to cook for about 15-20 minutes. Make sure to turn over the pumpkin after 7 minutes to ensure the pumpkin cooks through to being a tender golden brown. | Meanwhile, in a blender mix together the green tops of 6 spring onions, ¼ cup fresh lime juice, ginger, 3 cups of coriander leaves, 60ml of water, ¼ cup oil, and 1 tsp of salt and blend till smooth. | Steam rice to serve 4 as per rice packaged instructions. | Divide the rice among 4 serves and top with chicken, pumpkin, and sauce. Garnish with coriander leaves. Enjoy!",2577.0,41.0,29.0,39.0,5.0,5.0,True,ok
Homemade Teriyaki Sauce,https://www.monashfodmap.com/recipe/homemade-teriyaki-sauce/,Serves: 4,Cook: 15 minutes,32,"This low FODMAP teriyaki sauce will jazz up any weeknight dinner! Great with tofu or chicken, served with broccoli heads over a bed of rice",4,PT5M,PT15M,PT20M,"1 cup water | ⅓ cup brown sugar, firmly packed | tbsp rice wine vinegar | ¼ cup soy sauce | ½ tsp fresh ginger, grated | 1 tsp sesame seeds | tbsp corn starch | ¼ cup cold water","Mix all ingredients together in a saucepan (except corn starch and cold water) over medium heat. | Whisk together cornstarch and cold water in a small bowl until corn starch dissolves. | When sauce is simmering, slowly pour in corn starch mixture whilst continuing to stir until the sauce thickens to desired consistency.",443.0,4.1,24.5,0.4,0.12,17.3,True,ok
Blueberry & Almond Muffins,https://www.monashfodmap.com/recipe/blueberry-almond-muffins/,Serves: 12,Cook: 25-30 minutes,32,"This delicious muffin recipe is super simple and not only low FODMAP, but also egg and dairy free, so is suitable for vegetarians and vegans.",12,PT25M,PT30M,PT55M,"tbsp chia seeds soaked in 3 tbs boiling water | 2 cups gluten-free plain flour (containing a mixture of rice, potato and tapioca flours) | ½ cup almond meal, plus a little extra to sprinkle on top of muffins | 1 tsp baking powder | ½ cup caster sugar | 1 tsp vanilla extract | ⅔ cup vegetable oil | ¾ cup almond milk | ¾ cup blueberries (fresh or frozen)","Preheat oven to 180°C/350°C and line a 12 hole muffin pan with paper cases. | In a small bowl, add boiling water to chia seeds and stir. Set aside to swell for 10-15 minutes, or until a thick gel forms. | In a large mixing bowl, add flour, almond meal, baking powder and caster sugar. | Add vanilla extract, vegetable oil, almond milk and soaked chia seeds. | Stir until just combined, adding a little extra almond milk if mixture becomes too thick. | Finally, carefully fold blueberries through mixture. | Divide mixture equally between 12 muffin cases (fill each case to ⅔ full) and sprinkle tops with extra almond meal. | Bake muffins in preheated oven for 25-30 minutes or until lightly brown and cooked through.",1153.0,2.3,29.0,16.8,1.3,9.6,True,ok
Peanut Butter and Hemp Seed Protein Balls,https://www.monashfodmap.com/recipe/peanut-butter-and-hemp-seed-protein-balls/,Serves: 12,Cook: No cooking required,32,"Hemp seeds are a high protein product, with good flavour and a nice texture, a great addition to these tasty morsels that can be used as a quick snack or lunch box treat.",12,PT10M,PT0M,PT10M,"½ cup natural peanut butter (no added salt or sugar) | tbsp pure maple syrup or sorghum syrup | 1 tsp vanilla extract | ⅓ cup hulled hemp seeds | tbsp oat bran | tbsp linseeds (flax seeds) | 3 squares dark chocolate, chopped into small chunks","In a mixing bowl or food processor, thoroughly combine all the ingredients. The mixture should hold toghether when squeezed into a ball. | Press into 3cm balls and rolls in your hands until well formed | Store in the fridge in a sealed container for up to 2 weeks, or wrap individually and freeze for up to 3 months",1197.0,5.6,5.9,10.3,1.2,3.2,True,ok
Acai Bowl,https://www.monashfodmap.com/recipe/acai-bowl/,Serves: 1,Cook: No cooking required,32,"The most common way to eat acai powder at the moment is in a &#x27;smoothie bowl&#x27; which is basically a thick smoothie you can eat with a spoon, decorated with toppings of your choice.",1,PT5M,PT0M,PT5M,"tbsp acai powder (make sure the one you buy does not contain inulin) | ~15 raspberries | ½ cup baby spinach | 1/3 cup milk of your choice (we used almond milk) - you may need a little extra if your smoothie is too thick | 1 tsp maple syrup (optional, use if it isn&#x27;t sweet enough) | ⅓ firm banana, sliced | ½ kiwi fruit, sliced | 1 tsp desiccated coconut | 1 tsp hemp seeds (you could also use chia seeds) | 1 tsp natural Peanut Butter (optional, but tasty)","Add acai powder, raspberries, spinach, milk and maple syrup to a blender and slowly add the milk until it is at the right consistency | Pour into a bowl and decorate with the banana, kiwi fruit, coconut, hemp seeds and peanut butter as you like",1778.0,5.9,38.1,11.1,11.0,16.4,True,ok
Roasted Pumpkin & Carrot Soup,https://www.monashfodmap.com/recipe/roasted-pumpkin-carrot-soup/,Serves: 6,Cook: 55 minutes,32,As the weather gets cooler it&#x27;s nice to curl up with a warm bowl of nourishing soup. This recipe has been adapted from a Taste.com recipe to be low in FODMAPs but high in flavour!,6,PT15M,PT55M,PT70M,"Kent pumpkin, peeled and cut into 1cm pieces | Carrots, peeled and cut into 1cm pieces | tbsp olive oil | tbsp garlic infused olive oil | tbsp mustard seeds | 2 tsp ground coriander | 1 tsp ground cumin | 1 tsp ground turmeric | ½ tsp ground cardamom | ¼ tsp chilli powder (optional) | 1L Low FODMAP stock (chicken or vegetable depending on preference) | 500ml water","Preheat oven to 210°C/410°C. Place cut pumpkin and carrot on a lined tray and drizzle over 1 Tbsp of the garlic oil and 1 Tbsp of the olive oil. Toss to coat. Place in the oven for 30-35 minutes. | Meanwhile, heat the remaining oils in a pot over medium heat. Add the mustard seeds and spices, cook stirring for a couple of minutes or until aromatic and the mustard seeds pop. | Add the roasted carrot and pumpkin to the pot along with the stock and the water. Increase heat to medium, cover and bring to the boil. Reduce heat to low and cook covered for 15 minutes. | After 15 minutes, uncover and leave to cool slightly for 15 minutes | Transfer half of the mixture to a jug and blitz with a stick mixer, repeat with the remaining pumpkin mixture.",1023.0,5.6,27.5,13.6,9.1,15.8,True,ok
Carrot Cake with Walnuts & Linseeds,https://www.monashfodmap.com/recipe/carrot-cake-walnuts-linseeds/,Serves: One 25cm cake / 20 cupcakes / 1 large loaf,Cook: 30-50 minutes,32,"This satisfyingly filling, moist, tasty and naturally (but not too) sweet recipe makes either a whole cake or individual cup-cakes that the whole family will love!",One 25cm cake / 20 cupcakes / 1 large loaf,PT20M,PT50M,PT70M,"3½ carrots, medium (topped, tailed and scrubbed) | 2¼ cups walnuts, roasted | Pineapple, finely chopped | Teff flour | 1 tsp xanthan gum (optional) | 3 tsp baking powder | ½ cup oat bran | ½ cup linseeds (flax seeds) | 2 eggs, large | 1 cup raw sugar | 1 small pinch salt | 1 vanilla pod (scraped out seeds) (1/2 tsp seeds) | ¾ cup canola oil | ½ cup low-fat milk (lactose-free if required) | Walnut halves to top cake","Preheat oven to 160°C/320°C (175°C/347°C if not fan forced). | Grease 25cm round cake tin or loaf tin / line with baking paper OR grease 20 large muffin cases. | Roughly chop walnuts. | Grate or blitz carrots in a food processor until they are grated texture (not too fine). | Place eggs, sugar, vanilla seeds, salt and oil in bowl and whisk for ~2 minutes. | Sift flour, xanthan, baking powder into a large bowl and add linseeds and oat bran. Combine well. | Add walnuts, pineapple and carrots and mix until thoroughly combined. | Carefully fold in enough milk to make a batter (not too sloppy or stiff). | Pour into the cake or loaf tin, or muffin cases and top cake(s) with walnut halves. | Bake for ~ 50 minutes (the cupcakes will take about 30 minutes). Cool on a rack",1414.1,6.7,23.6,23.8,3.9,15.3,True,ok
Double Chocolate Brownies,https://www.monashfodmap.com/recipe/double-chocolate-brownies/,Serves: 12,Cook: 20-25 minutes,33,This easy classic brownie is perfect for every occasion. Enjoy this sweet treat for dessert or just as an afternoon pick me up with a cup of tea.,12,PT15M,PT25M,PT40M,"½ cup gluten-free flour | ½ cup rolled oats | ½ tsp xanthan gum | ¼ tsp baking powder | ⅓ cup cocoa powder | ⅔ cup caster sugar | 2 eggs, lightly beaten | Butter, melted | ¼ cup plain greek yoghurt (lactose-free if required) | 1 tsp vanilla essence | ¼ cup dark chocolate chips","Preheat oven to 180°C/350°C. Line a slice/brownie tin (20 x 30cm) with baking paper. | Add rolled oats to a food processor and blitz into a fine flour. Add to a large mixing bowl. | Sift flour, baking powder and cocoa powder into the mixing bowl with oats. Stir in sugar and xanthan gum. | Make a well in the centre of the flour mixture. Add eggs, vanilla essence, melted butter and yoghurt. Stir until just combined. | Using a spatula, gently fold in chocolate chips, taking care not to overmix the batter. Add a dash or two of milk if batter seems too thick to pour into tin. | Pour mixture into prepared slice tin and bake for 20-25 minutes, or until a skewer inserted into the middle comes out with a few crumbs clinging. | Allow brownies to cool completely before removing from tin and slicing. Serve dusted with icing sugar or extra cocoa powder if desired.",738.0,2.9,22.6,8.0,1.2,14.9,True,ok
Wontons (Dumplings),https://www.monashfodmap.com/recipe/wontons-dumplings/,Serves: 60 wontons,Cook: 10 minutes,33,"Wontons are a traditional offering at a Chinese New Year celebration. However, many store bought ones contain garlic and onion. So why not make your own delicious low FODMAP ones?",60 wontons,PT20M,PT10M,PT30M,"Pork, lean, minced (this can be a mix of prawn, chicken or even beef) | tbsp cornstarch | 2 tsp sesame oil | 3 tsp ginger, grated | ½ cup green spring onion tops, very finely chopped | tbsp soy sauce (to taste) | 1 cup cabbage, common or red, very finely diced | tbsp tapioca or rice flour | 60 square wonton wrappers","To make the wonton filling, combine the mince, cornstarch, sesame oil, ginger, green spring onion tops, soy sauce and cabbage in a large mixing bowl. Cover and refrigerate until ready to use. | Lightly dust a baking tray covered with non-stick paper with rice or tapioca flour. To make wontons, place a ball of 2 teaspoons of filling in the centre, brush 2 right angle edges with water and fold on the diagonal making sure any air is expelled while sealing. Place the finished wonton on the baking sheet making sure they don&#x27;t touch each other. This diagonal fold is a very simple one but you can easily fold into different shapes. | For boiled wontons: | Boil a large pot of water. When boiling, add the wontons and cook for 5-6 minutes until they float. Remove and drain in a lightly oiled colander making sure they are slightly oiled all over so they don&#x27;t stick together. | For pan-fried wontons: | Heat a little neutral oil in a pan and fry wontons until the bottoms are brown. Add some boiling water and cover pan with a tight fitting lid. Steam-fry wontons for about 5 minutes or until cooked through.",1336.0,21.8,40.4,8.4,2.0,1.3,True,ok
Nasi Goreng - Indonesian Fried Rice,https://www.monashfodmap.com/recipe/nasi-goreng-indonesian-fried-rice/,Serves: 4,Cook: 10 minutes,33,"Nasi Goreng is a very popular fried rice dish, it is Indonesia&#x27;s national dish. This simple recipe achieves those wonderfully authentic flavours whilst being low FODMAP",4,PT10M,PT10M,PT20M,"tbsp garlic-infused olive oil | tbsp canola oil | 2 tsp sesame oil | 1 cup finely sliced chicken breast or hard tofu, cubed | tbsp ginger, finely chopped | 1 tsp fresh red chilli, finely chopped (optional or to taste) | 1 cup green onion tops, finely sliced | 1 cup carrot, coarsely grated | 4 cups cold, cooked brown rice (broken into separate grains) | tbsp ketjap manis (kecap manis/Sweet soy) | tbsp lime juice | tbsp soy sauce (or to taste) | 4 large eggs","Heat oils in a wok or non-stick pot over high heat. Add chicken (or prawns or tofu), ginger and chilli and cook for about 3 minutes or until chicken is just cooked. | Add rice, carrot and green onion tops to the stir-fry and cook over high heat for a further 3 minutes. Drizzle with the ketjap manis, soy sauce and lime juice and stir-fry until the rice is thoroughly heated through (about 5 minutes). | Top each serve of rice with a lightly fried egg and serve with the garnishes you please.",2534.0,28.7,68.6,22.8,5.9,21.9,True,ok
Spaghetti Bolognaise Sauce,https://www.monashfodmap.com/recipe/spaghetti-bolognaise-sauce/,Serves: 6,Cook: 30 minutes,33,"Bolognaise sauce is a great favourite in many homes and the kids love it too! This simple, fast and delicious recipe gives you all the flavour of your favourite bolognaise but it is low FODMAP!",6,PT15M,PT30M,PT45M,"Beef mince | ¾ cup lean, short cut bacon, finely diced (about 4 rashers depending on their thickness) | 1 cup carrot peeled and finely diced (1 large carrot) | ⅔ cup green leek or onion tops, finely chopped (about ½ bunch spring onion tops or ½ a leek top) | 1 cup red capsicum, deseeded and finely diced (about ½ a red capsicum) | tomato paste | tbsp olive oil | 1 tsp garlic infused oil | 1 tsp pepper, cracked black | 1 tsp thyme | 350ml boiling water | ⅔ cup parsley, finely chopped","Prepare bacon, carrot, capsicum, leek or green onion tops and thyme. | Heat the oils in a saucepan, then add bacon, leek tops, carrot, capsicum, pepper and thyme and fry for about 5-8 minutes. | Reduce the heat and add the tomato paste and mince and stir ensuring all the mince is broken up with no lumps as it lightly browns. | Increase the heat and add the boiling water, stir and bring to the boil. Reduce the heat, cover and simmer while occasionally stirring for about 15 minutes. | Add the chopped parsley then remove from the heat.",1243.7,27.4,6.2,17.9,3.1,5.3,True,ok
Overnight Oats,https://www.monashfodmap.com/recipe/overnight-oats/,Serves: 2,Cook: No cooking required,33,"Make this fibre rich, tasty breakfast the night before to streamline your morning",2,PT10M,PT0M,PT10M,"1 cup rolled (traditional) oats | 10 almonds | tbsp pepitas (pumpkin seeds) | tsp ground cinnamon | tbsp dried cranberries | cup milk of your choice (cows, lactose free, almond, rice etc) | cup water | low FODMAP fruit e.g. 1/3 banana, kiwi fruit | tbsp yoghurt, lactose free if required | tsp maple syrup (optional)","Place oats and almonds in a food processor and pulse a few times to make the oats smaller. This will improve the texture of your overnight oats. | Pour oats and almonds into a bowl and add all other dry ingredients, mix well. If you will be taking your breakfast to go, pour into a jar or container with a tight fitting lid. | Pour in the milk and water, cover and place in the fridge overnight. | In the morning, scoop out your serve, add a dollop of yoghurt or a splash of milk to loosen the mixture, add some fruit and breakfast is served",1539.0,12.0,38.5,16.0,5.0,4.8,True,ok
Flourless Chocolate Olive Oil Cake,https://www.monashfodmap.com/recipe/flourless-chocolate-olive-oil-cake/,Serves: 12,Cook: 55 minutes,33,"This recipe, adapted from the wonderful Nigella Lawson, is a favourite, naturally low FODMAP (yay!).",12,PT15M,PT55M,PT70M,"regular olive oil | good quality cocoa powder, sifted | boiling water | vanilla extract | almond meal/flour (for a nut free option use 125g/4.4 oz plain, premade gluten free flour) | bicarbonate soda | salt | caster sugar | eggs | raspberries or strawberries to serve","Preheat your oven to 170°C/338°F. Grease a 23cm/9in spring-form tin with a little oil and line with baking paper | Add the sifted cocoa powder to a jug and which in the boiling water, stirring until you have a smooth but still a little runny paste. Whisk in vanilla extract and set aside. | In another small bowl, combine the ground almonds (or flour) with the bicarb soda and the salt. | Place the sugar, olive oil and eggs into the bowl of a freestanding mixer with the paddle attachment (or a regular bowl and whisk of your choice) and beat well for about 3 minutes until you have a pale, aerated and thick creamy mixture. | Turn the speed down and pour in the cocoa mixture, whisking as you go, when fully combined, add the almond meal (or flour) and combine. | Pour the batter into the prepared tin and bake for 40-45 minutes. The sides should be set but the top will look damp and a little soft. Nigella&#x27;s tip is a cake skewer should come out mainly clean with a few sticky crumbs clinging to it. | Let the cake cool in the tin on a wire rack for 10 minutes before serving.",1161.0,5.0,18.0,20.0,2.0,17.0,True,ok
